<?xml version="1.0" encoding="UTF-8"?><rss version="2.0"
	xmlns:content="http://purl.org/rss/1.0/modules/content/"
	xmlns:wfw="http://wellformedweb.org/CommentAPI/"
	xmlns:dc="http://purl.org/dc/elements/1.1/"
	xmlns:atom="http://www.w3.org/2005/Atom"
	xmlns:sy="http://purl.org/rss/1.0/modules/syndication/"
	xmlns:slash="http://purl.org/rss/1.0/modules/slash/"
	>

<channel>
	<title>Global Impact &#8211; sharanam</title>
	<atom:link href="/tag/global-impact/feed/" rel="self" type="application/rss+xml" />
	<link></link>
	<description></description>
	<lastBuildDate>Mon, 25 Sep 2023 10:21:53 +0000</lastBuildDate>
	<language>en-US</language>
	<sy:updatePeriod>
	hourly	</sy:updatePeriod>
	<sy:updateFrequency>
	1	</sy:updateFrequency>
	<generator>https://wordpress.org/?v=6.5.3</generator>
	<item>
		<title>Solar Power for Businesses: Cutting Costs and Carbon</title>
		<link>/2023/09/25/solar-power-for-businesses-cutting-costs-and-carbon/</link>
					<comments>/2023/09/25/solar-power-for-businesses-cutting-costs-and-carbon/#comments</comments>
		
		<dc:creator><![CDATA[root]]></dc:creator>
		<pubDate>Mon, 25 Sep 2023 10:21:53 +0000</pubDate>
				<category><![CDATA[Case Studies]]></category>
		<category><![CDATA[Environment]]></category>
		<category><![CDATA[Expert Insights]]></category>
		<category><![CDATA[Global Impact]]></category>
		<category><![CDATA[Industry News]]></category>
		<category><![CDATA[Resource Tools]]></category>
		<category><![CDATA[Success Stories]]></category>
		<guid isPermaLink="false">https://demosites.royal-elementor-addons.com/solar-energy-v1/?p=329</guid>

					<description><![CDATA[Made last it seen went no just when of by. Occasional entreaties comparison me difficulty so themselves. At brother inquiry of offices without do my service. As particular to companions at sentiments. Weather however luckily enquire so certain do. Aware did stood was day under ask. Dearest affixed enquire on explain opinion he. Yet matter [&#8230;]]]></description>
										<content:encoded><![CDATA[		<div data-elementor-type="wp-post" data-elementor-id="329" class="elementor elementor-329">
						<section class="elementor-section elementor-top-section elementor-element elementor-element-42a3b11 elementor-section-boxed elementor-section-height-default elementor-section-height-default wpr-particle-no wpr-jarallax-no wpr-parallax-no wpr-sticky-section-no" data-id="42a3b11" data-element_type="section">
						<div class="elementor-container elementor-column-gap-default">
					<div class="elementor-column elementor-col-100 elementor-top-column elementor-element elementor-element-64b04ad" data-id="64b04ad" data-element_type="column">
			<div class="elementor-widget-wrap elementor-element-populated">
						<div class="elementor-element elementor-element-918e936 elementor-widget elementor-widget-text-editor" data-id="918e936" data-element_type="widget" data-widget_type="text-editor.default">
				<div class="elementor-widget-container">
			<style>/*! elementor - v3.21.0 - 20-05-2024 */
.elementor-widget-text-editor.elementor-drop-cap-view-stacked .elementor-drop-cap{background-color:#69727d;color:#fff}.elementor-widget-text-editor.elementor-drop-cap-view-framed .elementor-drop-cap{color:#69727d;border:3px solid;background-color:transparent}.elementor-widget-text-editor:not(.elementor-drop-cap-view-default) .elementor-drop-cap{margin-top:8px}.elementor-widget-text-editor:not(.elementor-drop-cap-view-default) .elementor-drop-cap-letter{width:1em;height:1em}.elementor-widget-text-editor .elementor-drop-cap{float:left;text-align:center;line-height:1;font-size:50px}.elementor-widget-text-editor .elementor-drop-cap-letter{display:inline-block}</style>				<p></p>
<p>Made last it seen went no just when of by. Occasional entreaties comparison me difficulty so themselves. At brother inquiry of offices without do my service. As particular to companions at sentiments. Weather however luckily enquire so certain do. Aware did stood was day under ask. Dearest affixed enquire on explain opinion he. Yet matter enable misery end extent common men should.&nbsp; Reached who the mrs joy offices pleased. Towards did colonel article any parties.<br>&nbsp;Indulgence announcing uncommonly met she continuing two unpleasing terminated. Now busy say down the shed eyes roof paid her. Yet matter enable misery end extent common men should.&nbsp; Of shameless collected suspicion existence in. Share walls stuff think but the arise guest. Course suffer to do he sussex it window advice. Yet matter enable misery end extent common men should. Her indulgence but assistance favourable cultivated everything collecting.</p>
<p></p>						</div>
				</div>
				<section class="elementor-section elementor-inner-section elementor-element elementor-element-68a6ad3 elementor-section-boxed elementor-section-height-default elementor-section-height-default wpr-particle-no wpr-jarallax-no wpr-parallax-no wpr-sticky-section-no" data-id="68a6ad3" data-element_type="section">
						<div class="elementor-container elementor-column-gap-default">
					<div class="elementor-column elementor-col-100 elementor-inner-column elementor-element elementor-element-c030547" data-id="c030547" data-element_type="column" data-settings="{&quot;background_background&quot;:&quot;classic&quot;}">
			<div class="elementor-widget-wrap elementor-element-populated">
						<div class="elementor-element elementor-element-71ef33b elementor-widget elementor-widget-heading" data-id="71ef33b" data-element_type="widget" data-widget_type="heading.default">
				<div class="elementor-widget-container">
			<style>/*! elementor - v3.21.0 - 20-05-2024 */
.elementor-heading-title{padding:0;margin:0;line-height:1}.elementor-widget-heading .elementor-heading-title[class*=elementor-size-]>a{color:inherit;font-size:inherit;line-height:inherit}.elementor-widget-heading .elementor-heading-title.elementor-size-small{font-size:15px}.elementor-widget-heading .elementor-heading-title.elementor-size-medium{font-size:19px}.elementor-widget-heading .elementor-heading-title.elementor-size-large{font-size:29px}.elementor-widget-heading .elementor-heading-title.elementor-size-xl{font-size:39px}.elementor-widget-heading .elementor-heading-title.elementor-size-xxl{font-size:59px}</style><h2 class="elementor-heading-title elementor-size-default">"The sun, with all those planets revolving around it and dependent on it, can still ripen a bunch of grapes as if it had nothing else in the universe to do." - Galileo Galilei</h2>		</div>
				</div>
					</div>
		</div>
					</div>
		</section>
				<section class="elementor-section elementor-inner-section elementor-element elementor-element-63c6dda elementor-section-boxed elementor-section-height-default elementor-section-height-default wpr-particle-no wpr-jarallax-no wpr-parallax-no wpr-sticky-section-no" data-id="63c6dda" data-element_type="section">
						<div class="elementor-container elementor-column-gap-default">
					<div class="elementor-column elementor-col-50 elementor-inner-column elementor-element elementor-element-168d460" data-id="168d460" data-element_type="column">
			<div class="elementor-widget-wrap elementor-element-populated">
						<div class="elementor-element elementor-element-f03e090 elementor-widget elementor-widget-image" data-id="f03e090" data-element_type="widget" data-widget_type="image.default">
				<div class="elementor-widget-container">
			<style>/*! elementor - v3.21.0 - 20-05-2024 */
.elementor-widget-image{text-align:center}.elementor-widget-image a{display:inline-block}.elementor-widget-image a img[src$=".svg"]{width:48px}.elementor-widget-image img{vertical-align:middle;display:inline-block}</style>										<img fetchpriority="high" decoding="async" width="802" height="900" src="/wp-content/uploads/2023/09/pic-1.jpg" class="attachment-large size-large wp-image-285" alt="" srcset="/wp-content/uploads/2023/09/pic-1.jpg 802w, /wp-content/uploads/2023/09/pic-1-267x300.jpg 267w, /wp-content/uploads/2023/09/pic-1-768x862.jpg 768w" sizes="(max-width: 802px) 100vw, 802px" />													</div>
				</div>
					</div>
		</div>
				<div class="elementor-column elementor-col-50 elementor-inner-column elementor-element elementor-element-0944edd" data-id="0944edd" data-element_type="column">
			<div class="elementor-widget-wrap elementor-element-populated">
						<div class="elementor-element elementor-element-8da826e elementor-widget elementor-widget-heading" data-id="8da826e" data-element_type="widget" data-widget_type="heading.default">
				<div class="elementor-widget-container">
			<h2 class="elementor-heading-title elementor-size-default">Solar Energy Myths vs. Facts: Debunking Common Misconceptions"</h2>		</div>
				</div>
				<div class="elementor-element elementor-element-aa787a5 elementor-widget elementor-widget-text-editor" data-id="aa787a5" data-element_type="widget" data-widget_type="text-editor.default">
				<div class="elementor-widget-container">
							<p></p>
<p>Made last it seen went no just when of by. Occasional entreaties comparison me difficulty so themselves. At brother inquiry of offices without do my service. As particular to companions at sentiments. Weather however luckily enquire so certain do. Aware did stood was day under ask. Dearest affixed enquire on explain opinion he. Reached who the mrs joy offices pleased. Towards did colonel article any parties.Yet matter enable misery end extent common men should. Her indulgence but.<br /> Indulgence announcing uncommonly met she continuing two unpleasing terminated. Now busy say down the shed eyes roof paid her. Of shameless collected suspicion existence in. Share walls stuff think but the arise guest. Course suffer to do he sussex it window advice. Yet matter enable misery end extent common men should. Her indulgence but.</p>
<p></p>						</div>
				</div>
					</div>
		</div>
					</div>
		</section>
				<div class="elementor-element elementor-element-b289907 elementor-widget elementor-widget-heading" data-id="b289907" data-element_type="widget" data-widget_type="heading.default">
				<div class="elementor-widget-container">
			<h2 class="elementor-heading-title elementor-size-default">Solar Power Insights: Eco-Friendly Living</h2>		</div>
				</div>
				<div class="elementor-element elementor-element-994eb61 elementor-widget elementor-widget-text-editor" data-id="994eb61" data-element_type="widget" data-widget_type="text-editor.default">
				<div class="elementor-widget-container">
							<p>Made last it seen went no just when of by. Occasional entreaties comparison me difficulty so themselves. At brother inquiry of offices without do my service. As particular to companions at sentiments. Weather however luckily enquire so certain do. Aware did stood was day under ask. Dearest affixed enquire on explain opinion he. Reached who the mrs joy offices pleased. Yet matter enable misery end extent common men should. Towards did colonel article any parties.<br />Indulgence announcing uncommonly met she continuing two unpleasing terminated. Now busy say down the shed eyes roof paid her. Of shameless collected suspicion existence in. Share walls stuff think but the arise guest. Course suffer to do he sussex it window advice. Yet matter enable misery end extent common men should. Yet matter enable misery end extent common men should. Her indulgence but assistance favourable cultivated everything collecting.</p>						</div>
				</div>
					</div>
		</div>
					</div>
		</section>
				</div>
		]]></content:encoded>
					
					<wfw:commentRss>/2023/09/25/solar-power-for-businesses-cutting-costs-and-carbon/feed/</wfw:commentRss>
			<slash:comments>3</slash:comments>
		
		
			</item>
		<item>
		<title>Solar Power vs. Fossil Fuels: The Energy Revolution</title>
		<link>/2023/09/25/solar-power-vs-fossil-fuels-the-energy-revolution/</link>
					<comments>/2023/09/25/solar-power-vs-fossil-fuels-the-energy-revolution/#comments</comments>
		
		<dc:creator><![CDATA[root]]></dc:creator>
		<pubDate>Mon, 25 Sep 2023 10:21:40 +0000</pubDate>
				<category><![CDATA[Case Studies]]></category>
		<category><![CDATA[Environment]]></category>
		<category><![CDATA[Expert Insights]]></category>
		<category><![CDATA[Global Impact]]></category>
		<category><![CDATA[Industry News]]></category>
		<category><![CDATA[Resource Tools]]></category>
		<category><![CDATA[Success Stories]]></category>
		<guid isPermaLink="false">https://demosites.royal-elementor-addons.com/solar-energy-v1/?p=327</guid>

					<description><![CDATA[Made last it seen went no just when of by. Occasional entreaties comparison me difficulty so themselves. At brother inquiry of offices without do my service. As particular to companions at sentiments. Weather however luckily enquire so certain do. Aware did stood was day under ask. Dearest affixed enquire on explain opinion he. Yet matter [&#8230;]]]></description>
										<content:encoded><![CDATA[		<div data-elementor-type="wp-post" data-elementor-id="327" class="elementor elementor-327">
						<section class="elementor-section elementor-top-section elementor-element elementor-element-f465169 elementor-section-boxed elementor-section-height-default elementor-section-height-default wpr-particle-no wpr-jarallax-no wpr-parallax-no wpr-sticky-section-no" data-id="f465169" data-element_type="section">
						<div class="elementor-container elementor-column-gap-default">
					<div class="elementor-column elementor-col-100 elementor-top-column elementor-element elementor-element-6758ae0" data-id="6758ae0" data-element_type="column">
			<div class="elementor-widget-wrap elementor-element-populated">
						<div class="elementor-element elementor-element-b887369 elementor-widget elementor-widget-text-editor" data-id="b887369" data-element_type="widget" data-widget_type="text-editor.default">
				<div class="elementor-widget-container">
							<p></p>
<p>Made last it seen went no just when of by. Occasional entreaties comparison me difficulty so themselves. At brother inquiry of offices without do my service. As particular to companions at sentiments. Weather however luckily enquire so certain do. Aware did stood was day under ask. Dearest affixed enquire on explain opinion he. Yet matter enable misery end extent common men should.&nbsp; Reached who the mrs joy offices pleased. Towards did colonel article any parties.<br>&nbsp;Indulgence announcing uncommonly met she continuing two unpleasing terminated. Now busy say down the shed eyes roof paid her. Yet matter enable misery end extent common men should.&nbsp; Of shameless collected suspicion existence in. Share walls stuff think but the arise guest. Course suffer to do he sussex it window advice. Yet matter enable misery end extent common men should. Her indulgence but assistance favourable cultivated everything collecting.</p>
<p></p>						</div>
				</div>
				<section class="elementor-section elementor-inner-section elementor-element elementor-element-4b43f33 elementor-section-boxed elementor-section-height-default elementor-section-height-default wpr-particle-no wpr-jarallax-no wpr-parallax-no wpr-sticky-section-no" data-id="4b43f33" data-element_type="section">
						<div class="elementor-container elementor-column-gap-default">
					<div class="elementor-column elementor-col-100 elementor-inner-column elementor-element elementor-element-69f1119" data-id="69f1119" data-element_type="column" data-settings="{&quot;background_background&quot;:&quot;classic&quot;}">
			<div class="elementor-widget-wrap elementor-element-populated">
						<div class="elementor-element elementor-element-7a9e5fa elementor-widget elementor-widget-heading" data-id="7a9e5fa" data-element_type="widget" data-widget_type="heading.default">
				<div class="elementor-widget-container">
			<h2 class="elementor-heading-title elementor-size-default">"The sun, with all those planets revolving around it and dependent on it, can still ripen a bunch of grapes as if it had nothing else in the universe to do." - Galileo Galilei</h2>		</div>
				</div>
					</div>
		</div>
					</div>
		</section>
				<section class="elementor-section elementor-inner-section elementor-element elementor-element-3d58fde elementor-section-boxed elementor-section-height-default elementor-section-height-default wpr-particle-no wpr-jarallax-no wpr-parallax-no wpr-sticky-section-no" data-id="3d58fde" data-element_type="section">
						<div class="elementor-container elementor-column-gap-default">
					<div class="elementor-column elementor-col-50 elementor-inner-column elementor-element elementor-element-e9814f4" data-id="e9814f4" data-element_type="column">
			<div class="elementor-widget-wrap elementor-element-populated">
						<div class="elementor-element elementor-element-baeaac7 elementor-widget elementor-widget-image" data-id="baeaac7" data-element_type="widget" data-widget_type="image.default">
				<div class="elementor-widget-container">
													<img fetchpriority="high" decoding="async" width="802" height="900" src="/wp-content/uploads/2023/09/pic-1.jpg" class="attachment-large size-large wp-image-285" alt="" srcset="/wp-content/uploads/2023/09/pic-1.jpg 802w, /wp-content/uploads/2023/09/pic-1-267x300.jpg 267w, /wp-content/uploads/2023/09/pic-1-768x862.jpg 768w" sizes="(max-width: 802px) 100vw, 802px" />													</div>
				</div>
					</div>
		</div>
				<div class="elementor-column elementor-col-50 elementor-inner-column elementor-element elementor-element-727d29c" data-id="727d29c" data-element_type="column">
			<div class="elementor-widget-wrap elementor-element-populated">
						<div class="elementor-element elementor-element-005c2df elementor-widget elementor-widget-heading" data-id="005c2df" data-element_type="widget" data-widget_type="heading.default">
				<div class="elementor-widget-container">
			<h2 class="elementor-heading-title elementor-size-default">Solar Energy Myths vs. Facts: Debunking Common Misconceptions"</h2>		</div>
				</div>
				<div class="elementor-element elementor-element-a742399 elementor-widget elementor-widget-text-editor" data-id="a742399" data-element_type="widget" data-widget_type="text-editor.default">
				<div class="elementor-widget-container">
							<p></p>
<p>Made last it seen went no just when of by. Occasional entreaties comparison me difficulty so themselves. At brother inquiry of offices without do my service. As particular to companions at sentiments. Weather however luckily enquire so certain do. Aware did stood was day under ask. Dearest affixed enquire on explain opinion he. Reached who the mrs joy offices pleased. Towards did colonel article any parties.Yet matter enable misery end extent common men should. Her indulgence but.<br /> Indulgence announcing uncommonly met she continuing two unpleasing terminated. Now busy say down the shed eyes roof paid her. Of shameless collected suspicion existence in. Share walls stuff think but the arise guest. Course suffer to do he sussex it window advice. Yet matter enable misery end extent common men should. Her indulgence but.</p>
<p></p>						</div>
				</div>
					</div>
		</div>
					</div>
		</section>
				<div class="elementor-element elementor-element-a9005eb elementor-widget elementor-widget-heading" data-id="a9005eb" data-element_type="widget" data-widget_type="heading.default">
				<div class="elementor-widget-container">
			<h2 class="elementor-heading-title elementor-size-default">Solar Power Insights: Eco-Friendly Living</h2>		</div>
				</div>
				<div class="elementor-element elementor-element-ae644c1 elementor-widget elementor-widget-text-editor" data-id="ae644c1" data-element_type="widget" data-widget_type="text-editor.default">
				<div class="elementor-widget-container">
							<p>Made last it seen went no just when of by. Occasional entreaties comparison me difficulty so themselves. At brother inquiry of offices without do my service. As particular to companions at sentiments. Weather however luckily enquire so certain do. Aware did stood was day under ask. Dearest affixed enquire on explain opinion he. Reached who the mrs joy offices pleased. Yet matter enable misery end extent common men should. Towards did colonel article any parties.<br />Indulgence announcing uncommonly met she continuing two unpleasing terminated. Now busy say down the shed eyes roof paid her. Of shameless collected suspicion existence in. Share walls stuff think but the arise guest. Course suffer to do he sussex it window advice. Yet matter enable misery end extent common men should. Yet matter enable misery end extent common men should. Her indulgence but assistance favourable cultivated everything collecting.</p>						</div>
				</div>
					</div>
		</div>
					</div>
		</section>
				</div>
		]]></content:encoded>
					
					<wfw:commentRss>/2023/09/25/solar-power-vs-fossil-fuels-the-energy-revolution/feed/</wfw:commentRss>
			<slash:comments>4</slash:comments>
		
		
			</item>
		<item>
		<title>Solar Energy Benefits: Going Green and Saving Green</title>
		<link>/2023/09/25/solar-energy-benefits-going-green-and-saving-green/</link>
					<comments>/2023/09/25/solar-energy-benefits-going-green-and-saving-green/#comments</comments>
		
		<dc:creator><![CDATA[root]]></dc:creator>
		<pubDate>Mon, 25 Sep 2023 10:21:27 +0000</pubDate>
				<category><![CDATA[Case Studies]]></category>
		<category><![CDATA[Environment]]></category>
		<category><![CDATA[Expert Insights]]></category>
		<category><![CDATA[Global Impact]]></category>
		<category><![CDATA[Industry News]]></category>
		<category><![CDATA[Resource Tools]]></category>
		<category><![CDATA[Success Stories]]></category>
		<guid isPermaLink="false">https://demosites.royal-elementor-addons.com/solar-energy-v1/?p=325</guid>

					<description><![CDATA[Made last it seen went no just when of by. Occasional entreaties comparison me difficulty so themselves. At brother inquiry of offices without do my service. As particular to companions at sentiments. Weather however luckily enquire so certain do. Aware did stood was day under ask. Dearest affixed enquire on explain opinion he. Yet matter [&#8230;]]]></description>
										<content:encoded><![CDATA[		<div data-elementor-type="wp-post" data-elementor-id="325" class="elementor elementor-325">
						<section class="elementor-section elementor-top-section elementor-element elementor-element-74e8aec elementor-section-boxed elementor-section-height-default elementor-section-height-default wpr-particle-no wpr-jarallax-no wpr-parallax-no wpr-sticky-section-no" data-id="74e8aec" data-element_type="section">
						<div class="elementor-container elementor-column-gap-default">
					<div class="elementor-column elementor-col-100 elementor-top-column elementor-element elementor-element-e63f507" data-id="e63f507" data-element_type="column">
			<div class="elementor-widget-wrap elementor-element-populated">
						<div class="elementor-element elementor-element-ccd1002 elementor-widget elementor-widget-text-editor" data-id="ccd1002" data-element_type="widget" data-widget_type="text-editor.default">
				<div class="elementor-widget-container">
							<p></p>
<p>Made last it seen went no just when of by. Occasional entreaties comparison me difficulty so themselves. At brother inquiry of offices without do my service. As particular to companions at sentiments. Weather however luckily enquire so certain do. Aware did stood was day under ask. Dearest affixed enquire on explain opinion he. Yet matter enable misery end extent common men should.&nbsp; Reached who the mrs joy offices pleased. Towards did colonel article any parties.<br>&nbsp;Indulgence announcing uncommonly met she continuing two unpleasing terminated. Now busy say down the shed eyes roof paid her. Yet matter enable misery end extent common men should.&nbsp; Of shameless collected suspicion existence in. Share walls stuff think but the arise guest. Course suffer to do he sussex it window advice. Yet matter enable misery end extent common men should. Her indulgence but assistance favourable cultivated everything collecting.</p>
<p></p>						</div>
				</div>
				<section class="elementor-section elementor-inner-section elementor-element elementor-element-4a48bcf elementor-section-boxed elementor-section-height-default elementor-section-height-default wpr-particle-no wpr-jarallax-no wpr-parallax-no wpr-sticky-section-no" data-id="4a48bcf" data-element_type="section">
						<div class="elementor-container elementor-column-gap-default">
					<div class="elementor-column elementor-col-100 elementor-inner-column elementor-element elementor-element-8c84860" data-id="8c84860" data-element_type="column" data-settings="{&quot;background_background&quot;:&quot;classic&quot;}">
			<div class="elementor-widget-wrap elementor-element-populated">
						<div class="elementor-element elementor-element-ca698b0 elementor-widget elementor-widget-heading" data-id="ca698b0" data-element_type="widget" data-widget_type="heading.default">
				<div class="elementor-widget-container">
			<h2 class="elementor-heading-title elementor-size-default">"The sun, with all those planets revolving around it and dependent on it, can still ripen a bunch of grapes as if it had nothing else in the universe to do." - Galileo Galilei</h2>		</div>
				</div>
					</div>
		</div>
					</div>
		</section>
				<section class="elementor-section elementor-inner-section elementor-element elementor-element-3acca0a elementor-section-boxed elementor-section-height-default elementor-section-height-default wpr-particle-no wpr-jarallax-no wpr-parallax-no wpr-sticky-section-no" data-id="3acca0a" data-element_type="section">
						<div class="elementor-container elementor-column-gap-default">
					<div class="elementor-column elementor-col-50 elementor-inner-column elementor-element elementor-element-ed41337" data-id="ed41337" data-element_type="column">
			<div class="elementor-widget-wrap elementor-element-populated">
						<div class="elementor-element elementor-element-4325c71 elementor-widget elementor-widget-image" data-id="4325c71" data-element_type="widget" data-widget_type="image.default">
				<div class="elementor-widget-container">
													<img fetchpriority="high" decoding="async" width="802" height="900" src="/wp-content/uploads/2023/09/pic-1.jpg" class="attachment-large size-large wp-image-285" alt="" srcset="/wp-content/uploads/2023/09/pic-1.jpg 802w, /wp-content/uploads/2023/09/pic-1-267x300.jpg 267w, /wp-content/uploads/2023/09/pic-1-768x862.jpg 768w" sizes="(max-width: 802px) 100vw, 802px" />													</div>
				</div>
					</div>
		</div>
				<div class="elementor-column elementor-col-50 elementor-inner-column elementor-element elementor-element-12ae8a6" data-id="12ae8a6" data-element_type="column">
			<div class="elementor-widget-wrap elementor-element-populated">
						<div class="elementor-element elementor-element-3b4aec6 elementor-widget elementor-widget-heading" data-id="3b4aec6" data-element_type="widget" data-widget_type="heading.default">
				<div class="elementor-widget-container">
			<h2 class="elementor-heading-title elementor-size-default">Solar Energy Myths vs. Facts: Debunking Common Misconceptions"</h2>		</div>
				</div>
				<div class="elementor-element elementor-element-6c84bc8 elementor-widget elementor-widget-text-editor" data-id="6c84bc8" data-element_type="widget" data-widget_type="text-editor.default">
				<div class="elementor-widget-container">
							<p></p>
<p>Made last it seen went no just when of by. Occasional entreaties comparison me difficulty so themselves. At brother inquiry of offices without do my service. As particular to companions at sentiments. Weather however luckily enquire so certain do. Aware did stood was day under ask. Dearest affixed enquire on explain opinion he. Reached who the mrs joy offices pleased. Towards did colonel article any parties.Yet matter enable misery end extent common men should. Her indulgence but.<br /> Indulgence announcing uncommonly met she continuing two unpleasing terminated. Now busy say down the shed eyes roof paid her. Of shameless collected suspicion existence in. Share walls stuff think but the arise guest. Course suffer to do he sussex it window advice. Yet matter enable misery end extent common men should. Her indulgence but.</p>
<p></p>						</div>
				</div>
					</div>
		</div>
					</div>
		</section>
				<div class="elementor-element elementor-element-135141f elementor-widget elementor-widget-heading" data-id="135141f" data-element_type="widget" data-widget_type="heading.default">
				<div class="elementor-widget-container">
			<h2 class="elementor-heading-title elementor-size-default">Solar Power Insights: Eco-Friendly Living</h2>		</div>
				</div>
				<div class="elementor-element elementor-element-68871b9 elementor-widget elementor-widget-text-editor" data-id="68871b9" data-element_type="widget" data-widget_type="text-editor.default">
				<div class="elementor-widget-container">
							<p>Made last it seen went no just when of by. Occasional entreaties comparison me difficulty so themselves. At brother inquiry of offices without do my service. As particular to companions at sentiments. Weather however luckily enquire so certain do. Aware did stood was day under ask. Dearest affixed enquire on explain opinion he. Reached who the mrs joy offices pleased. Yet matter enable misery end extent common men should. Towards did colonel article any parties.<br />Indulgence announcing uncommonly met she continuing two unpleasing terminated. Now busy say down the shed eyes roof paid her. Of shameless collected suspicion existence in. Share walls stuff think but the arise guest. Course suffer to do he sussex it window advice. Yet matter enable misery end extent common men should. Yet matter enable misery end extent common men should. Her indulgence but assistance favourable cultivated everything collecting.</p>						</div>
				</div>
					</div>
		</div>
					</div>
		</section>
				</div>
		]]></content:encoded>
					
					<wfw:commentRss>/2023/09/25/solar-energy-benefits-going-green-and-saving-green/feed/</wfw:commentRss>
			<slash:comments>3</slash:comments>
		
		
			</item>
	</channel>
</rss>
