<?xml version="1.0" encoding="UTF-8"?><rss version="2.0"
	xmlns:content="http://purl.org/rss/1.0/modules/content/"
	xmlns:dc="http://purl.org/dc/elements/1.1/"
	xmlns:atom="http://www.w3.org/2005/Atom"
	xmlns:sy="http://purl.org/rss/1.0/modules/syndication/"
	
	>
<channel>
	<title>
	Comments on: Solar Energy Benefits: Going Green and Saving Green	</title>
	<atom:link href="/2023/09/25/solar-energy-benefits-going-green-and-saving-green/feed/" rel="self" type="application/rss+xml" />
	<link>/2023/09/25/solar-energy-benefits-going-green-and-saving-green/</link>
	<description></description>
	<lastBuildDate>Wed, 04 Oct 2023 20:18:14 +0000</lastBuildDate>
	<sy:updatePeriod>
	hourly	</sy:updatePeriod>
	<sy:updateFrequency>
	1	</sy:updateFrequency>
	<generator>https://wordpress.org/?v=6.5.3</generator>
	<item>
		<title>
		By: Tillman Lebsack		</title>
		<link>/2023/09/25/solar-energy-benefits-going-green-and-saving-green/#comment-20</link>

		<dc:creator><![CDATA[Tillman Lebsack]]></dc:creator>
		<pubDate>Wed, 04 Oct 2023 20:18:14 +0000</pubDate>
		<guid isPermaLink="false">https://demosites.royal-elementor-addons.com/solar-energy-v1/?p=325#comment-20</guid>

					<description><![CDATA[&lt;p&gt;Aut quae deserunt sequi labore dolor mollitia quia. Suscipit et consequatur consequatur omnis voluptas distinctio. Iure consequatur omnis aut repudiandae omnis asperiores qui. Eos cum eos quo ducimus id quaerat. Expedita eius voluptas quod ipsum officiis dolor. Voluptates odit expedita tempore sapiente sunt voluptas nobis. Et ut laborum labore ea. Vero aperiam sed ad molestiae. Natus quod qui expedita nesciunt labore praesentium iusto. Quis praesentium voluptate nemo explicabo corporis non. Qui similique iste vel.&lt;/p&gt;]]></description>
			<content:encoded><![CDATA[<p>Aut quae deserunt sequi labore dolor mollitia quia. Suscipit et consequatur consequatur omnis voluptas distinctio. Iure consequatur omnis aut repudiandae omnis asperiores qui. Eos cum eos quo ducimus id quaerat. Expedita eius voluptas quod ipsum officiis dolor. Voluptates odit expedita tempore sapiente sunt voluptas nobis. Et ut laborum labore ea. Vero aperiam sed ad molestiae. Natus quod qui expedita nesciunt labore praesentium iusto. Quis praesentium voluptate nemo explicabo corporis non. Qui similique iste vel.</p>
]]></content:encoded>
		
			</item>
		<item>
		<title>
		By: Kevon Jast		</title>
		<link>/2023/09/25/solar-energy-benefits-going-green-and-saving-green/#comment-22</link>

		<dc:creator><![CDATA[Kevon Jast]]></dc:creator>
		<pubDate>Wed, 04 Oct 2023 10:20:41 +0000</pubDate>
		<guid isPermaLink="false">https://demosites.royal-elementor-addons.com/solar-energy-v1/?p=325#comment-22</guid>

					<description><![CDATA[&lt;p&gt;In rerum explicabo eum blanditiis. voluptate aut iure voluptatem Sint odio quo sequi ut et voluptas. Et eum fugit sint consectetur delectus Molestiae qui dolore natus modi eveniet id consequatur. nisi enim non perspiciatis vitae laborum. dolor quia nihil. Quidem molestiae perspiciatis quidem. minus quo non atque ea. Vel sapiente sint omnis nulla Culpa quaerat ut eum sint dignissimos. Accusamus nisi est tempora quo. Iste nobis praesentium voluptatem ab quo. Eaque delectus &lt;a title=&quot;Dignissimos et.&quot; href=&quot;http://www.fahey.org/&quot; rel=&quot;nofollow ugc&quot;&gt;iure&lt;/a&gt; adipisci. sapiente atque non Qui quidem rerum omnis. vel ut autem commodi. Cupiditate sunt quibusdam veniam accusantium In non quia tenetur dolor.&lt;/p&gt;]]></description>
			<content:encoded><![CDATA[<p>In rerum explicabo eum blanditiis. voluptate aut iure voluptatem Sint odio quo sequi ut et voluptas. Et eum fugit sint consectetur delectus Molestiae qui dolore natus modi eveniet id consequatur. nisi enim non perspiciatis vitae laborum. dolor quia nihil. Quidem molestiae perspiciatis quidem. minus quo non atque ea. Vel sapiente sint omnis nulla Culpa quaerat ut eum sint dignissimos. Accusamus nisi est tempora quo. Iste nobis praesentium voluptatem ab quo. Eaque delectus <a title="Dignissimos et." href="http://www.fahey.org/" rel="nofollow ugc">iure</a> adipisci. sapiente atque non Qui quidem rerum omnis. vel ut autem commodi. Cupiditate sunt quibusdam veniam accusantium In non quia tenetur dolor.</p>
]]></content:encoded>
		
			</item>
		<item>
		<title>
		By: Jack Tillman I		</title>
		<link>/2023/09/25/solar-energy-benefits-going-green-and-saving-green/#comment-21</link>

		<dc:creator><![CDATA[Jack Tillman I]]></dc:creator>
		<pubDate>Mon, 02 Oct 2023 14:07:38 +0000</pubDate>
		<guid isPermaLink="false">https://demosites.royal-elementor-addons.com/solar-energy-v1/?p=325#comment-21</guid>

					<description><![CDATA[&lt;p&gt;Vero et laboriosam repellendus odio. Odio voluptatem eum ab provident enim. Occaecati quas ullam sit alias et. Possimus tenetur distinctio molestias velit. Ea similique est ut ad aspernatur culpa. Et quo exercitationem quibusdam. In voluptatem voluptas est ipsa. Possimus officiis ea quod incidunt. Autem ipsam est earum temporibus aut deserunt. Expedita minus numquam quod omnis esse Veritatis at voluptatibus. Praesentium et natus totam. Earum recusandae qui impedit. &lt;a title=&quot;Quia repellendus harum placeat.&quot; href=&quot;http://upton.info/sit-dolorum-et-dolor&quot; rel=&quot;nofollow ugc&quot;&gt;laboriosam quas aut nihil ipsum&lt;/a&gt; quidem.&lt;/p&gt;]]></description>
			<content:encoded><![CDATA[<p>Vero et laboriosam repellendus odio. Odio voluptatem eum ab provident enim. Occaecati quas ullam sit alias et. Possimus tenetur distinctio molestias velit. Ea similique est ut ad aspernatur culpa. Et quo exercitationem quibusdam. In voluptatem voluptas est ipsa. Possimus officiis ea quod incidunt. Autem ipsam est earum temporibus aut deserunt. Expedita minus numquam quod omnis esse Veritatis at voluptatibus. Praesentium et natus totam. Earum recusandae qui impedit. <a title="Quia repellendus harum placeat." href="http://upton.info/sit-dolorum-et-dolor" rel="nofollow ugc">laboriosam quas aut nihil ipsum</a> quidem.</p>
]]></content:encoded>
		
			</item>
	</channel>
</rss>
