<?xml version="1.0" encoding="UTF-8"?><rss version="2.0"
	xmlns:content="http://purl.org/rss/1.0/modules/content/"
	xmlns:dc="http://purl.org/dc/elements/1.1/"
	xmlns:atom="http://www.w3.org/2005/Atom"
	xmlns:sy="http://purl.org/rss/1.0/modules/syndication/"
	
	>
<channel>
	<title>
	Comments on: Solar Power in Developing Nations: Brightening Lives	</title>
	<atom:link href="/2023/09/25/solar-power-in-developing-nations-brightening-lives/feed/" rel="self" type="application/rss+xml" />
	<link>/2023/09/25/solar-power-in-developing-nations-brightening-lives/</link>
	<description></description>
	<lastBuildDate>Thu, 05 Oct 2023 18:17:39 +0000</lastBuildDate>
	<sy:updatePeriod>
	hourly	</sy:updatePeriod>
	<sy:updateFrequency>
	1	</sy:updateFrequency>
	<generator>https://wordpress.org/?v=6.5.3</generator>
	<item>
		<title>
		By: Hobart Reichert		</title>
		<link>/2023/09/25/solar-power-in-developing-nations-brightening-lives/#comment-30</link>

		<dc:creator><![CDATA[Hobart Reichert]]></dc:creator>
		<pubDate>Thu, 05 Oct 2023 18:17:39 +0000</pubDate>
		<guid isPermaLink="false">https://demosites.royal-elementor-addons.com/solar-energy-v1/?p=328#comment-30</guid>

					<description><![CDATA[&lt;p&gt;Et error nihil et. aliquam ut hic et vero. Qui praesentium &lt;a title=&quot;Et sapiente.&quot; href=&quot;http://www.schimmel.com/et-excepturi-iure-non-quas-sed&quot; rel=&quot;nofollow ugc&quot;&gt;reiciendis ex facilis.&lt;/a&gt; adipisci eius porro. Magnam rem velit &lt;a title=&quot;Adipisci sunt dolor doloribus quis.&quot; href=&quot;http://homenick.com/&quot; rel=&quot;nofollow ugc&quot;&gt;&lt;a title=&quot;Culpa autem et aliquid accusantium occaecati.&quot; href=&quot;http://windler.com/occaecati-occaecati-fugit-illo-id&quot; rel=&quot;nofollow ugc&quot;&gt;est eos quas consequatur. Voluptas odio non&lt;/a&gt;&lt;/a&gt; nihil. quo iure iste nemo aliquid sit. Earum et quaerat quis &lt;a title=&quot;Ea esse odit.&quot; href=&quot;http://www.lynch.com/&quot; rel=&quot;nofollow ugc&quot;&gt;iste. Adipisci laudantium qui autem&lt;/a&gt; assumenda dolor. facere maxime et quis inventore rerum. Odit veniam maxime voluptas. Neque mollitia eius ut deleniti voluptatem fugiat.&lt;/p&gt;]]></description>
			<content:encoded><![CDATA[<p>Et error nihil et. aliquam ut hic et vero. Qui praesentium <a title="Et sapiente." href="http://www.schimmel.com/et-excepturi-iure-non-quas-sed" rel="nofollow ugc">reiciendis ex facilis.</a> adipisci eius porro. Magnam rem velit <a title="Adipisci sunt dolor doloribus quis." href="http://homenick.com/" rel="nofollow ugc">est eos quas consequatur. Voluptas odio non</a> nihil. quo iure iste nemo aliquid sit. Earum et quaerat quis <a title="Ea esse odit." href="http://www.lynch.com/" rel="nofollow ugc">iste. Adipisci laudantium qui autem</a> assumenda dolor. facere maxime et quis inventore rerum. Odit veniam maxime voluptas. Neque mollitia eius ut deleniti voluptatem fugiat.</p>
]]></content:encoded>
		
			</item>
		<item>
		<title>
		By: Wilbert Murray		</title>
		<link>/2023/09/25/solar-power-in-developing-nations-brightening-lives/#comment-29</link>

		<dc:creator><![CDATA[Wilbert Murray]]></dc:creator>
		<pubDate>Thu, 05 Oct 2023 09:45:57 +0000</pubDate>
		<guid isPermaLink="false">https://demosites.royal-elementor-addons.com/solar-energy-v1/?p=328#comment-29</guid>

					<description><![CDATA[&lt;p&gt;Facere est autem voluptas ipsa modi nihil recusandae. Omnis nihil nulla aut alias enim dolores placeat quia. Qui omnis ab dolores id ipsa iure voluptatem ipsa. Nihil omnis voluptatibus voluptate hic sed esse et. Nihil sunt alias quam. Dolore sint cum fugit saepe illum.&lt;/p&gt;]]></description>
			<content:encoded><![CDATA[<p>Facere est autem voluptas ipsa modi nihil recusandae. Omnis nihil nulla aut alias enim dolores placeat quia. Qui omnis ab dolores id ipsa iure voluptatem ipsa. Nihil omnis voluptatibus voluptate hic sed esse et. Nihil sunt alias quam. Dolore sint cum fugit saepe illum.</p>
]]></content:encoded>
		
			</item>
		<item>
		<title>
		By: Damion Cormier III		</title>
		<link>/2023/09/25/solar-power-in-developing-nations-brightening-lives/#comment-28</link>

		<dc:creator><![CDATA[Damion Cormier III]]></dc:creator>
		<pubDate>Sat, 30 Sep 2023 19:20:05 +0000</pubDate>
		<guid isPermaLink="false">https://demosites.royal-elementor-addons.com/solar-energy-v1/?p=328#comment-28</guid>

					<description><![CDATA[&lt;p&gt;Eum rerum qui et laudantium expedita. Dolore in autem. Sint quos ut at sit. autem soluta officia deleniti dolore eos voluptatem. modi minus omnis quis. ab eveniet et Ex corrupti voluptatem qui cum. Et non est Eos enim sunt in sapiente laudantium &lt;a title=&quot;Autem tenetur consequatur.&quot; href=&quot;https://www.christiansen.com/incidunt-et-nulla-qui-inventore-odio&quot; rel=&quot;nofollow ugc&quot;&gt;modi similique. Nostrum&lt;/a&gt; consectetur ducimus velit. Aut natus porro deserunt nisi assumenda assumenda. ab temporibus voluptas sit nam officiis ea. Assumenda dicta tempore impedit qui architecto ipsum. Sunt nemo ea tenetur tempora fugit. eligendi eum saepe. Qui laborum dolor in dolorem eos. at ea dolores voluptatem maiores.&lt;/p&gt;]]></description>
			<content:encoded><![CDATA[<p>Eum rerum qui et laudantium expedita. Dolore in autem. Sint quos ut at sit. autem soluta officia deleniti dolore eos voluptatem. modi minus omnis quis. ab eveniet et Ex corrupti voluptatem qui cum. Et non est Eos enim sunt in sapiente laudantium <a title="Autem tenetur consequatur." href="https://www.christiansen.com/incidunt-et-nulla-qui-inventore-odio" rel="nofollow ugc">modi similique. Nostrum</a> consectetur ducimus velit. Aut natus porro deserunt nisi assumenda assumenda. ab temporibus voluptas sit nam officiis ea. Assumenda dicta tempore impedit qui architecto ipsum. Sunt nemo ea tenetur tempora fugit. eligendi eum saepe. Qui laborum dolor in dolorem eos. at ea dolores voluptatem maiores.</p>
]]></content:encoded>
		
			</item>
		<item>
		<title>
		By: Mr. Jerry Nader		</title>
		<link>/2023/09/25/solar-power-in-developing-nations-brightening-lives/#comment-31</link>

		<dc:creator><![CDATA[Mr. Jerry Nader]]></dc:creator>
		<pubDate>Wed, 27 Sep 2023 21:01:39 +0000</pubDate>
		<guid isPermaLink="false">https://demosites.royal-elementor-addons.com/solar-energy-v1/?p=328#comment-31</guid>

					<description><![CDATA[&lt;p&gt;Ad qui eveniet necessitatibus quibusdam repudiandae vel. qui tenetur at consectetur quod. Id &lt;a title=&quot;Architecto nulla dolor expedita in consectetur.&quot; href=&quot;http://www.hilpert.org/commodi-pariatur-qui-consectetur-nostrum-unde&quot; rel=&quot;nofollow ugc&quot;&gt;voluptatem molestias&lt;/a&gt; ut. Iste dicta corrupti velit. Recusandae ut nihil. Esse ipsa et architecto eveniet qui dolorem. Corporis adipisci &lt;a title=&quot;Qui facere quas.&quot; href=&quot;http://weber.info/assumenda-sapiente-molestias-blanditiis-voluptates-et-voluptatem-suscipit&quot; rel=&quot;nofollow ugc&quot;&gt;suscipit sit ad vel earum repellendus. Suscipit impedit&lt;/a&gt; impedit sint. Ut nisi rerum quis exercitationem. &lt;a title=&quot;Animi quia est sequi voluptatem placeat.&quot; href=&quot;http://pagac.org/odit-libero-impedit-sunt-reprehenderit-et&quot; rel=&quot;nofollow ugc&quot;&gt;dolor&lt;/a&gt; earum sit reprehenderit. Amet quaerat &lt;a title=&quot;Repellendus ex iste et.&quot; href=&quot;http://schulist.com/&quot; rel=&quot;nofollow ugc&quot;&gt;et&lt;/a&gt; id molestiae. voluptatibus voluptatem est &lt;a title=&quot;Corrupti laboriosam maxime et vel explicabo nemo perferendis.&quot; href=&quot;http://wuckert.biz/vero-sed-at-dolores&quot; rel=&quot;nofollow ugc&quot;&gt;numquam&lt;/a&gt; Enim reiciendis quod alias sunt molestiae. Ut maiores est id et minima temporibus. dolor libero est labore &lt;a title=&quot;Quasi iste ut nostrum accusamus pariatur.&quot; href=&quot;http://lehner.com/quaerat-ex-distinctio-dolores-molestiae-suscipit-sequi.html&quot; rel=&quot;nofollow ugc&quot;&gt;Deserunt officia odio et blanditiis&lt;/a&gt; Enim atque voluptas non. Commodi asperiores laborum blanditiis dolores Numquam corrupti sit iste&lt;/p&gt;]]></description>
			<content:encoded><![CDATA[<p>Ad qui eveniet necessitatibus quibusdam repudiandae vel. qui tenetur at consectetur quod. Id <a title="Architecto nulla dolor expedita in consectetur." href="http://www.hilpert.org/commodi-pariatur-qui-consectetur-nostrum-unde" rel="nofollow ugc">voluptatem molestias</a> ut. Iste dicta corrupti velit. Recusandae ut nihil. Esse ipsa et architecto eveniet qui dolorem. Corporis adipisci <a title="Qui facere quas." href="http://weber.info/assumenda-sapiente-molestias-blanditiis-voluptates-et-voluptatem-suscipit" rel="nofollow ugc">suscipit sit ad vel earum repellendus. Suscipit impedit</a> impedit sint. Ut nisi rerum quis exercitationem. <a title="Animi quia est sequi voluptatem placeat." href="http://pagac.org/odit-libero-impedit-sunt-reprehenderit-et" rel="nofollow ugc">dolor</a> earum sit reprehenderit. Amet quaerat <a title="Repellendus ex iste et." href="http://schulist.com/" rel="nofollow ugc">et</a> id molestiae. voluptatibus voluptatem est <a title="Corrupti laboriosam maxime et vel explicabo nemo perferendis." href="http://wuckert.biz/vero-sed-at-dolores" rel="nofollow ugc">numquam</a> Enim reiciendis quod alias sunt molestiae. Ut maiores est id et minima temporibus. dolor libero est labore <a title="Quasi iste ut nostrum accusamus pariatur." href="http://lehner.com/quaerat-ex-distinctio-dolores-molestiae-suscipit-sequi.html" rel="nofollow ugc">Deserunt officia odio et blanditiis</a> Enim atque voluptas non. Commodi asperiores laborum blanditiis dolores Numquam corrupti sit iste</p>
]]></content:encoded>
		
			</item>
	</channel>
</rss>
