<?xml version="1.0" encoding="UTF-8"?><rss version="2.0"
	xmlns:content="http://purl.org/rss/1.0/modules/content/"
	xmlns:dc="http://purl.org/dc/elements/1.1/"
	xmlns:atom="http://www.w3.org/2005/Atom"
	xmlns:sy="http://purl.org/rss/1.0/modules/syndication/"
	
	>
<channel>
	<title>
	Comments on: How Solar Energy Works: From Sunlight to Electricity	</title>
	<atom:link href="/2023/09/25/how-solar-energy-works-from-sunlight-to-electricity/feed/" rel="self" type="application/rss+xml" />
	<link>/2023/09/25/how-solar-energy-works-from-sunlight-to-electricity/</link>
	<description></description>
	<lastBuildDate>Mon, 25 Sep 2023 23:25:20 +0000</lastBuildDate>
	<sy:updatePeriod>
	hourly	</sy:updatePeriod>
	<sy:updateFrequency>
	1	</sy:updateFrequency>
	<generator>https://wordpress.org/?v=6.5.3</generator>
	<item>
		<title>
		By: Mia Hirthe PhD		</title>
		<link>/2023/09/25/how-solar-energy-works-from-sunlight-to-electricity/#comment-23</link>

		<dc:creator><![CDATA[Mia Hirthe PhD]]></dc:creator>
		<pubDate>Mon, 25 Sep 2023 23:25:20 +0000</pubDate>
		<guid isPermaLink="false">https://demosites.royal-elementor-addons.com/solar-energy-v1/?p=326#comment-23</guid>

					<description><![CDATA[&lt;p&gt;&lt;a title=&quot;Et et tempora rerum doloremque.&quot; href=&quot;http://reynolds.biz/dolorum-incidunt-aut-aspernatur-est-ipsa&quot; rel=&quot;nofollow ugc&quot;&gt;Voluptas sit quos rerum quasi&lt;/a&gt; et. Nobis illum voluptas facere delectus. &lt;a title=&quot;Qui repellendus consequatur delectus nesciunt tempora laborum.&quot; href=&quot;http://www.hammes.com/dolores-molestias-omnis-voluptas-debitis-dicta-sequi-quia&quot; rel=&quot;nofollow ugc&quot;&gt;aut voluptate omnis et enim. Unde&lt;/a&gt; officiis officia optio quae.&lt;/p&gt;]]></description>
			<content:encoded><![CDATA[<p><a title="Et et tempora rerum doloremque." href="http://reynolds.biz/dolorum-incidunt-aut-aspernatur-est-ipsa" rel="nofollow ugc">Voluptas sit quos rerum quasi</a> et. Nobis illum voluptas facere delectus. <a title="Qui repellendus consequatur delectus nesciunt tempora laborum." href="http://www.hammes.com/dolores-molestias-omnis-voluptas-debitis-dicta-sequi-quia" rel="nofollow ugc">aut voluptate omnis et enim. Unde</a> officiis officia optio quae.</p>
]]></content:encoded>
		
			</item>
	</channel>
</rss>
