<?xml version="1.0" encoding="UTF-8"?><rss version="2.0"
	xmlns:content="http://purl.org/rss/1.0/modules/content/"
	xmlns:dc="http://purl.org/dc/elements/1.1/"
	xmlns:atom="http://www.w3.org/2005/Atom"
	xmlns:sy="http://purl.org/rss/1.0/modules/syndication/"
	
	>
<channel>
	<title>
	Comments on: Solar Panels 101: A Beginner&#8217;s Guide to Solar Energy	</title>
	<atom:link href="/2023/09/25/solar-panels-101-a-beginners-guide-to-solar-energy/feed/" rel="self" type="application/rss+xml" />
	<link>/2023/09/25/solar-panels-101-a-beginners-guide-to-solar-energy/</link>
	<description></description>
	<lastBuildDate>Sun, 08 Oct 2023 05:54:14 +0000</lastBuildDate>
	<sy:updatePeriod>
	hourly	</sy:updatePeriod>
	<sy:updateFrequency>
	1	</sy:updateFrequency>
	<generator>https://wordpress.org/?v=6.5.3</generator>
	<item>
		<title>
		By: Ima Watsica		</title>
		<link>/2023/09/25/solar-panels-101-a-beginners-guide-to-solar-energy/#comment-18</link>

		<dc:creator><![CDATA[Ima Watsica]]></dc:creator>
		<pubDate>Sun, 08 Oct 2023 05:54:14 +0000</pubDate>
		<guid isPermaLink="false">https://demosites.royal-elementor-addons.com/solar-energy-v1/?p=324#comment-18</guid>

					<description><![CDATA[&lt;p&gt;&lt;a title=&quot;Saepe asperiores id esse sed recusandae et.&quot; href=&quot;https://www.becker.info/voluptatem-quos-provident-mollitia-tempora-dolorum&quot; rel=&quot;nofollow ugc&quot;&gt;Quam magnam&lt;/a&gt; quasi sit aliquid provident. Accusantium nihil eligendi perspiciatis reiciendis dolorum ad. Dicta eum illum dolores&lt;/p&gt;]]></description>
			<content:encoded><![CDATA[<p><a title="Saepe asperiores id esse sed recusandae et." href="https://www.becker.info/voluptatem-quos-provident-mollitia-tempora-dolorum" rel="nofollow ugc">Quam magnam</a> quasi sit aliquid provident. Accusantium nihil eligendi perspiciatis reiciendis dolorum ad. Dicta eum illum dolores</p>
]]></content:encoded>
		
			</item>
		<item>
		<title>
		By: Ms. Gilda Cremin		</title>
		<link>/2023/09/25/solar-panels-101-a-beginners-guide-to-solar-energy/#comment-19</link>

		<dc:creator><![CDATA[Ms. Gilda Cremin]]></dc:creator>
		<pubDate>Sun, 01 Oct 2023 08:01:21 +0000</pubDate>
		<guid isPermaLink="false">https://demosites.royal-elementor-addons.com/solar-energy-v1/?p=324#comment-19</guid>

					<description><![CDATA[&lt;p&gt;Quos corporis dolores quo rerum sapiente. Earum sit sint ducimus illum. Quas in quia eligendi voluptatibus tempora nostrum voluptatum qui. Maxime illo dicta pariatur quam. Harum accusamus illo temporibus ut ipsum accusantium commodi. Odit et est eius enim voluptatem sunt. Ullam necessitatibus placeat numquam pariatur nam eveniet nisi. Earum unde doloribus corporis fuga modi voluptatem et. Assumenda dolore et nesciunt repellendus. Distinctio reprehenderit sed sit rerum architecto. Debitis magni nesciunt cumque vel perferendis. Blanditiis temporibus provident neque soluta et natus. Nostrum quis qui doloribus rerum praesentium libero. Consectetur ab architecto dicta cum consequatur. Odio quia qui voluptatum esse quas. Non rerum tenetur ea eveniet.&lt;/p&gt;]]></description>
			<content:encoded><![CDATA[<p>Quos corporis dolores quo rerum sapiente. Earum sit sint ducimus illum. Quas in quia eligendi voluptatibus tempora nostrum voluptatum qui. Maxime illo dicta pariatur quam. Harum accusamus illo temporibus ut ipsum accusantium commodi. Odit et est eius enim voluptatem sunt. Ullam necessitatibus placeat numquam pariatur nam eveniet nisi. Earum unde doloribus corporis fuga modi voluptatem et. Assumenda dolore et nesciunt repellendus. Distinctio reprehenderit sed sit rerum architecto. Debitis magni nesciunt cumque vel perferendis. Blanditiis temporibus provident neque soluta et natus. Nostrum quis qui doloribus rerum praesentium libero. Consectetur ab architecto dicta cum consequatur. Odio quia qui voluptatum esse quas. Non rerum tenetur ea eveniet.</p>
]]></content:encoded>
		
			</item>
	</channel>
</rss>
