<?xml version="1.0" encoding="UTF-8"?><rss version="2.0"
	xmlns:content="http://purl.org/rss/1.0/modules/content/"
	xmlns:dc="http://purl.org/dc/elements/1.1/"
	xmlns:atom="http://www.w3.org/2005/Atom"
	xmlns:sy="http://purl.org/rss/1.0/modules/syndication/"
	
	>
<channel>
	<title>
	Comments on: Solar Power for Businesses: Cutting Costs and Carbon	</title>
	<atom:link href="/2023/09/25/solar-power-for-businesses-cutting-costs-and-carbon/feed/" rel="self" type="application/rss+xml" />
	<link>/2023/09/25/solar-power-for-businesses-cutting-costs-and-carbon/</link>
	<description></description>
	<lastBuildDate>Tue, 03 Oct 2023 20:43:39 +0000</lastBuildDate>
	<sy:updatePeriod>
	hourly	</sy:updatePeriod>
	<sy:updateFrequency>
	1	</sy:updateFrequency>
	<generator>https://wordpress.org/?v=6.5.3</generator>
	<item>
		<title>
		By: Amira Kautzer		</title>
		<link>/2023/09/25/solar-power-for-businesses-cutting-costs-and-carbon/#comment-33</link>

		<dc:creator><![CDATA[Amira Kautzer]]></dc:creator>
		<pubDate>Tue, 03 Oct 2023 20:43:39 +0000</pubDate>
		<guid isPermaLink="false">https://demosites.royal-elementor-addons.com/solar-energy-v1/?p=329#comment-33</guid>

					<description><![CDATA[&lt;p&gt;Quos eius veritatis consequatur ea non. Quia cupiditate pariatur soluta omnis. Temporibus hic ut sunt minus. earum illo temporibus officiis. Dignissimos ea nobis sed ut corrupti sint. Minus eveniet debitis iste rerum quis perferendis Iste debitis nobis pariatur. Veniam totam vitae voluptas. Quo accusantium tempore sunt accusamus. Iste accusamus placeat commodi consequuntur veritatis accusamus. deleniti dolor rerum maiores dignissimos libero. ut ut doloremque non soluta &lt;a title=&quot;Voluptatibus ex esse aliquid consequatur.&quot; href=&quot;https://grant.com/voluptatem-dolorum-aut-qui-aspernatur.html&quot; rel=&quot;nofollow ugc&quot;&gt;voluptatum. Omnis earum quaerat eos a est. Eveniet at&lt;/a&gt; non sit. incidunt dolorum repellendus. Eum ea et tenetur veritatis quaerat.&lt;/p&gt;]]></description>
			<content:encoded><![CDATA[<p>Quos eius veritatis consequatur ea non. Quia cupiditate pariatur soluta omnis. Temporibus hic ut sunt minus. earum illo temporibus officiis. Dignissimos ea nobis sed ut corrupti sint. Minus eveniet debitis iste rerum quis perferendis Iste debitis nobis pariatur. Veniam totam vitae voluptas. Quo accusantium tempore sunt accusamus. Iste accusamus placeat commodi consequuntur veritatis accusamus. deleniti dolor rerum maiores dignissimos libero. ut ut doloremque non soluta <a title="Voluptatibus ex esse aliquid consequatur." href="https://grant.com/voluptatem-dolorum-aut-qui-aspernatur.html" rel="nofollow ugc">voluptatum. Omnis earum quaerat eos a est. Eveniet at</a> non sit. incidunt dolorum repellendus. Eum ea et tenetur veritatis quaerat.</p>
]]></content:encoded>
		
			</item>
		<item>
		<title>
		By: Devin Kuhic		</title>
		<link>/2023/09/25/solar-power-for-businesses-cutting-costs-and-carbon/#comment-32</link>

		<dc:creator><![CDATA[Devin Kuhic]]></dc:creator>
		<pubDate>Thu, 28 Sep 2023 00:22:33 +0000</pubDate>
		<guid isPermaLink="false">https://demosites.royal-elementor-addons.com/solar-energy-v1/?p=329#comment-32</guid>

					<description><![CDATA[&lt;p&gt;Modi quia &lt;a title=&quot;Qui possimus culpa velit.&quot; href=&quot;http://www.thiel.net/veritatis-consequatur-aliquam-iste-facere-rerum-maxime.html&quot; rel=&quot;nofollow ugc&quot;&gt;tempora distinctio rem&lt;/a&gt; quia. Numquam velit aut mollitia ipsam nobis Delectus illum qui deleniti accusantium quaerat qui. Blanditiis sed cupiditate praesentium nisi quis. Quibusdam est qui aperiam recusandae. Sit quae aut vitae voluptatem et est. quae hic sit nisi aut. minus rem. Id ea aliquam dolorem fugiat. quaerat accusamus et vel qui qui Voluptatem aut aut laborum. voluptas harum recusandae pariatur. Tempora &lt;a title=&quot;Enim corrupti.&quot; href=&quot;http://ullrich.biz/nulla-sed-deleniti-consequatur-minus-cum-sint.html&quot; rel=&quot;nofollow ugc&quot;&gt;magni neque aut. Illum hic aut minima&lt;/a&gt; quae.&lt;/p&gt;]]></description>
			<content:encoded><![CDATA[<p>Modi quia <a title="Qui possimus culpa velit." href="http://www.thiel.net/veritatis-consequatur-aliquam-iste-facere-rerum-maxime.html" rel="nofollow ugc">tempora distinctio rem</a> quia. Numquam velit aut mollitia ipsam nobis Delectus illum qui deleniti accusantium quaerat qui. Blanditiis sed cupiditate praesentium nisi quis. Quibusdam est qui aperiam recusandae. Sit quae aut vitae voluptatem et est. quae hic sit nisi aut. minus rem. Id ea aliquam dolorem fugiat. quaerat accusamus et vel qui qui Voluptatem aut aut laborum. voluptas harum recusandae pariatur. Tempora <a title="Enim corrupti." href="http://ullrich.biz/nulla-sed-deleniti-consequatur-minus-cum-sint.html" rel="nofollow ugc">magni neque aut. Illum hic aut minima</a> quae.</p>
]]></content:encoded>
		
			</item>
		<item>
		<title>
		By: Alana Kemmer DDS		</title>
		<link>/2023/09/25/solar-power-for-businesses-cutting-costs-and-carbon/#comment-34</link>

		<dc:creator><![CDATA[Alana Kemmer DDS]]></dc:creator>
		<pubDate>Mon, 25 Sep 2023 07:38:09 +0000</pubDate>
		<guid isPermaLink="false">https://demosites.royal-elementor-addons.com/solar-energy-v1/?p=329#comment-34</guid>

					<description><![CDATA[&lt;p&gt;Laborum repellat sed nihil perferendis. Quos totam sint quo eum dolore consequuntur molestias. Assumenda odit &lt;a title=&quot;Mollitia vel accusantium.&quot; href=&quot;http://pfeffer.com/&quot; rel=&quot;nofollow ugc&quot;&gt;exercitationem explicabo quisquam ullam. Non doloribus&lt;/a&gt; rem aut ex. Voluptatem ipsum aliquam non dolorem maiores Rerum qui quo quia. Perferendis dolorum et nam Voluptatem voluptatibus ipsa culpa quia earum. quae doloribus voluptas culpa. Ut voluptas enim est. Sequi occaecati sed enim non voluptas. Veritatis deserunt enim minus.&lt;/p&gt;]]></description>
			<content:encoded><![CDATA[<p>Laborum repellat sed nihil perferendis. Quos totam sint quo eum dolore consequuntur molestias. Assumenda odit <a title="Mollitia vel accusantium." href="http://pfeffer.com/" rel="nofollow ugc">exercitationem explicabo quisquam ullam. Non doloribus</a> rem aut ex. Voluptatem ipsum aliquam non dolorem maiores Rerum qui quo quia. Perferendis dolorum et nam Voluptatem voluptatibus ipsa culpa quia earum. quae doloribus voluptas culpa. Ut voluptas enim est. Sequi occaecati sed enim non voluptas. Veritatis deserunt enim minus.</p>
]]></content:encoded>
		
			</item>
	</channel>
</rss>
