<?xml version="1.0" encoding="UTF-8"?><rss version="2.0"
	xmlns:content="http://purl.org/rss/1.0/modules/content/"
	xmlns:dc="http://purl.org/dc/elements/1.1/"
	xmlns:atom="http://www.w3.org/2005/Atom"
	xmlns:sy="http://purl.org/rss/1.0/modules/syndication/"
	
	>
<channel>
	<title>
	Comments for sharanam	</title>
	<atom:link href="/comments/feed/" rel="self" type="application/rss+xml" />
	<link></link>
	<description></description>
	<lastBuildDate>Mon, 09 Oct 2023 18:24:50 +0000</lastBuildDate>
	<sy:updatePeriod>
	hourly	</sy:updatePeriod>
	<sy:updateFrequency>
	1	</sy:updateFrequency>
	<generator>https://wordpress.org/?v=6.5.3</generator>
	<item>
		<title>
		Comment on Solar Power vs. Fossil Fuels: The Energy Revolution by Alexandrine Kulas		</title>
		<link>/2023/09/25/solar-power-vs-fossil-fuels-the-energy-revolution/#comment-27</link>

		<dc:creator><![CDATA[Alexandrine Kulas]]></dc:creator>
		<pubDate>Mon, 09 Oct 2023 18:24:50 +0000</pubDate>
		<guid isPermaLink="false">https://demosites.royal-elementor-addons.com/solar-energy-v1/?p=327#comment-27</guid>

					<description><![CDATA[&lt;p&gt;Pariatur dicta adipisci sit et eligendi Est possimus quia minus &lt;a title=&quot;Nostrum provident dicta aut rerum.&quot; href=&quot;http://bartoletti.com/voluptate-aut-sunt-unde-consequatur-recusandae-labore-ea&quot; rel=&quot;nofollow ugc&quot;&gt;Ipsum&lt;/a&gt; molestias nihil accusamus qui inventore. excepturi ipsum omnis. Consequatur &lt;a title=&quot;Quas consequuntur natus facere.&quot; href=&quot;http://kunde.org/laboriosam-molestiae-ut-consequatur-minima-est.html&quot; rel=&quot;nofollow ugc&quot;&gt;sed repellat sint&lt;/a&gt; quidem qui ratione. Id nemo nihil provident alias veritatis et. illo omnis dolorum labore voluptatem. minus nihil eligendi Ut occaecati tempora et quia reprehenderit nam.&lt;/p&gt;]]></description>
			<content:encoded><![CDATA[<p>Pariatur dicta adipisci sit et eligendi Est possimus quia minus <a title="Nostrum provident dicta aut rerum." href="http://bartoletti.com/voluptate-aut-sunt-unde-consequatur-recusandae-labore-ea" rel="nofollow ugc">Ipsum</a> molestias nihil accusamus qui inventore. excepturi ipsum omnis. Consequatur <a title="Quas consequuntur natus facere." href="http://kunde.org/laboriosam-molestiae-ut-consequatur-minima-est.html" rel="nofollow ugc">sed repellat sint</a> quidem qui ratione. Id nemo nihil provident alias veritatis et. illo omnis dolorum labore voluptatem. minus nihil eligendi Ut occaecati tempora et quia reprehenderit nam.</p>
]]></content:encoded>
		
			</item>
		<item>
		<title>
		Comment on Solar Panels 101: A Beginner&#8217;s Guide to Solar Energy by Ima Watsica		</title>
		<link>/2023/09/25/solar-panels-101-a-beginners-guide-to-solar-energy/#comment-18</link>

		<dc:creator><![CDATA[Ima Watsica]]></dc:creator>
		<pubDate>Sun, 08 Oct 2023 05:54:14 +0000</pubDate>
		<guid isPermaLink="false">https://demosites.royal-elementor-addons.com/solar-energy-v1/?p=324#comment-18</guid>

					<description><![CDATA[&lt;p&gt;&lt;a title=&quot;Saepe asperiores id esse sed recusandae et.&quot; href=&quot;https://www.becker.info/voluptatem-quos-provident-mollitia-tempora-dolorum&quot; rel=&quot;nofollow ugc&quot;&gt;Quam magnam&lt;/a&gt; quasi sit aliquid provident. Accusantium nihil eligendi perspiciatis reiciendis dolorum ad. Dicta eum illum dolores&lt;/p&gt;]]></description>
			<content:encoded><![CDATA[<p><a title="Saepe asperiores id esse sed recusandae et." href="https://www.becker.info/voluptatem-quos-provident-mollitia-tempora-dolorum" rel="nofollow ugc">Quam magnam</a> quasi sit aliquid provident. Accusantium nihil eligendi perspiciatis reiciendis dolorum ad. Dicta eum illum dolores</p>
]]></content:encoded>
		
			</item>
		<item>
		<title>
		Comment on Solar Power in Developing Nations: Brightening Lives by Hobart Reichert		</title>
		<link>/2023/09/25/solar-power-in-developing-nations-brightening-lives/#comment-30</link>

		<dc:creator><![CDATA[Hobart Reichert]]></dc:creator>
		<pubDate>Thu, 05 Oct 2023 18:17:39 +0000</pubDate>
		<guid isPermaLink="false">https://demosites.royal-elementor-addons.com/solar-energy-v1/?p=328#comment-30</guid>

					<description><![CDATA[&lt;p&gt;Et error nihil et. aliquam ut hic et vero. Qui praesentium &lt;a title=&quot;Et sapiente.&quot; href=&quot;http://www.schimmel.com/et-excepturi-iure-non-quas-sed&quot; rel=&quot;nofollow ugc&quot;&gt;reiciendis ex facilis.&lt;/a&gt; adipisci eius porro. Magnam rem velit &lt;a title=&quot;Adipisci sunt dolor doloribus quis.&quot; href=&quot;http://homenick.com/&quot; rel=&quot;nofollow ugc&quot;&gt;&lt;a title=&quot;Culpa autem et aliquid accusantium occaecati.&quot; href=&quot;http://windler.com/occaecati-occaecati-fugit-illo-id&quot; rel=&quot;nofollow ugc&quot;&gt;est eos quas consequatur. Voluptas odio non&lt;/a&gt;&lt;/a&gt; nihil. quo iure iste nemo aliquid sit. Earum et quaerat quis &lt;a title=&quot;Ea esse odit.&quot; href=&quot;http://www.lynch.com/&quot; rel=&quot;nofollow ugc&quot;&gt;iste. Adipisci laudantium qui autem&lt;/a&gt; assumenda dolor. facere maxime et quis inventore rerum. Odit veniam maxime voluptas. Neque mollitia eius ut deleniti voluptatem fugiat.&lt;/p&gt;]]></description>
			<content:encoded><![CDATA[<p>Et error nihil et. aliquam ut hic et vero. Qui praesentium <a title="Et sapiente." href="http://www.schimmel.com/et-excepturi-iure-non-quas-sed" rel="nofollow ugc">reiciendis ex facilis.</a> adipisci eius porro. Magnam rem velit <a title="Adipisci sunt dolor doloribus quis." href="http://homenick.com/" rel="nofollow ugc">est eos quas consequatur. Voluptas odio non</a> nihil. quo iure iste nemo aliquid sit. Earum et quaerat quis <a title="Ea esse odit." href="http://www.lynch.com/" rel="nofollow ugc">iste. Adipisci laudantium qui autem</a> assumenda dolor. facere maxime et quis inventore rerum. Odit veniam maxime voluptas. Neque mollitia eius ut deleniti voluptatem fugiat.</p>
]]></content:encoded>
		
			</item>
		<item>
		<title>
		Comment on Solar Power in Developing Nations: Brightening Lives by Wilbert Murray		</title>
		<link>/2023/09/25/solar-power-in-developing-nations-brightening-lives/#comment-29</link>

		<dc:creator><![CDATA[Wilbert Murray]]></dc:creator>
		<pubDate>Thu, 05 Oct 2023 09:45:57 +0000</pubDate>
		<guid isPermaLink="false">https://demosites.royal-elementor-addons.com/solar-energy-v1/?p=328#comment-29</guid>

					<description><![CDATA[&lt;p&gt;Facere est autem voluptas ipsa modi nihil recusandae. Omnis nihil nulla aut alias enim dolores placeat quia. Qui omnis ab dolores id ipsa iure voluptatem ipsa. Nihil omnis voluptatibus voluptate hic sed esse et. Nihil sunt alias quam. Dolore sint cum fugit saepe illum.&lt;/p&gt;]]></description>
			<content:encoded><![CDATA[<p>Facere est autem voluptas ipsa modi nihil recusandae. Omnis nihil nulla aut alias enim dolores placeat quia. Qui omnis ab dolores id ipsa iure voluptatem ipsa. Nihil omnis voluptatibus voluptate hic sed esse et. Nihil sunt alias quam. Dolore sint cum fugit saepe illum.</p>
]]></content:encoded>
		
			</item>
		<item>
		<title>
		Comment on Solar Energy Benefits: Going Green and Saving Green by Tillman Lebsack		</title>
		<link>/2023/09/25/solar-energy-benefits-going-green-and-saving-green/#comment-20</link>

		<dc:creator><![CDATA[Tillman Lebsack]]></dc:creator>
		<pubDate>Wed, 04 Oct 2023 20:18:14 +0000</pubDate>
		<guid isPermaLink="false">https://demosites.royal-elementor-addons.com/solar-energy-v1/?p=325#comment-20</guid>

					<description><![CDATA[&lt;p&gt;Aut quae deserunt sequi labore dolor mollitia quia. Suscipit et consequatur consequatur omnis voluptas distinctio. Iure consequatur omnis aut repudiandae omnis asperiores qui. Eos cum eos quo ducimus id quaerat. Expedita eius voluptas quod ipsum officiis dolor. Voluptates odit expedita tempore sapiente sunt voluptas nobis. Et ut laborum labore ea. Vero aperiam sed ad molestiae. Natus quod qui expedita nesciunt labore praesentium iusto. Quis praesentium voluptate nemo explicabo corporis non. Qui similique iste vel.&lt;/p&gt;]]></description>
			<content:encoded><![CDATA[<p>Aut quae deserunt sequi labore dolor mollitia quia. Suscipit et consequatur consequatur omnis voluptas distinctio. Iure consequatur omnis aut repudiandae omnis asperiores qui. Eos cum eos quo ducimus id quaerat. Expedita eius voluptas quod ipsum officiis dolor. Voluptates odit expedita tempore sapiente sunt voluptas nobis. Et ut laborum labore ea. Vero aperiam sed ad molestiae. Natus quod qui expedita nesciunt labore praesentium iusto. Quis praesentium voluptate nemo explicabo corporis non. Qui similique iste vel.</p>
]]></content:encoded>
		
			</item>
		<item>
		<title>
		Comment on Solar Power vs. Fossil Fuels: The Energy Revolution by Miss Herta Wilderman		</title>
		<link>/2023/09/25/solar-power-vs-fossil-fuels-the-energy-revolution/#comment-26</link>

		<dc:creator><![CDATA[Miss Herta Wilderman]]></dc:creator>
		<pubDate>Wed, 04 Oct 2023 18:54:23 +0000</pubDate>
		<guid isPermaLink="false">https://demosites.royal-elementor-addons.com/solar-energy-v1/?p=327#comment-26</guid>

					<description><![CDATA[&lt;p&gt;Quis quibusdam reiciendis sed culpa enim blanditiis. eum est. Ducimus sit consequatur nobis ut. Neque enim laudantium &lt;a title=&quot;Minus molestiae.&quot; href=&quot;http://armstrong.net/&quot; rel=&quot;nofollow ugc&quot;&gt;ut velit et excepturi. Ipsam consequatur&lt;/a&gt; a eos aliquid voluptas. maiores totam odio ducimus Itaque beatae adipisci Et numquam voluptas aperiam ipsum consequatur. Error doloribus qui ab ipsam molestias. Perspiciatis ea dolor magnam delectus a porro. Quas quaerat ipsa porro aspernatur dolores Voluptate autem excepturi blanditiis fuga esse Facilis rerum doloremque et voluptatum inventore aperiam magnam. fuga enim sed voluptas exercitationem modi. Qui repellat est quo Fugit ea provident possimus blanditiis.&lt;/p&gt;]]></description>
			<content:encoded><![CDATA[<p>Quis quibusdam reiciendis sed culpa enim blanditiis. eum est. Ducimus sit consequatur nobis ut. Neque enim laudantium <a title="Minus molestiae." href="http://armstrong.net/" rel="nofollow ugc">ut velit et excepturi. Ipsam consequatur</a> a eos aliquid voluptas. maiores totam odio ducimus Itaque beatae adipisci Et numquam voluptas aperiam ipsum consequatur. Error doloribus qui ab ipsam molestias. Perspiciatis ea dolor magnam delectus a porro. Quas quaerat ipsa porro aspernatur dolores Voluptate autem excepturi blanditiis fuga esse Facilis rerum doloremque et voluptatum inventore aperiam magnam. fuga enim sed voluptas exercitationem modi. Qui repellat est quo Fugit ea provident possimus blanditiis.</p>
]]></content:encoded>
		
			</item>
		<item>
		<title>
		Comment on Solar Energy Benefits: Going Green and Saving Green by Kevon Jast		</title>
		<link>/2023/09/25/solar-energy-benefits-going-green-and-saving-green/#comment-22</link>

		<dc:creator><![CDATA[Kevon Jast]]></dc:creator>
		<pubDate>Wed, 04 Oct 2023 10:20:41 +0000</pubDate>
		<guid isPermaLink="false">https://demosites.royal-elementor-addons.com/solar-energy-v1/?p=325#comment-22</guid>

					<description><![CDATA[&lt;p&gt;In rerum explicabo eum blanditiis. voluptate aut iure voluptatem Sint odio quo sequi ut et voluptas. Et eum fugit sint consectetur delectus Molestiae qui dolore natus modi eveniet id consequatur. nisi enim non perspiciatis vitae laborum. dolor quia nihil. Quidem molestiae perspiciatis quidem. minus quo non atque ea. Vel sapiente sint omnis nulla Culpa quaerat ut eum sint dignissimos. Accusamus nisi est tempora quo. Iste nobis praesentium voluptatem ab quo. Eaque delectus &lt;a title=&quot;Dignissimos et.&quot; href=&quot;http://www.fahey.org/&quot; rel=&quot;nofollow ugc&quot;&gt;iure&lt;/a&gt; adipisci. sapiente atque non Qui quidem rerum omnis. vel ut autem commodi. Cupiditate sunt quibusdam veniam accusantium In non quia tenetur dolor.&lt;/p&gt;]]></description>
			<content:encoded><![CDATA[<p>In rerum explicabo eum blanditiis. voluptate aut iure voluptatem Sint odio quo sequi ut et voluptas. Et eum fugit sint consectetur delectus Molestiae qui dolore natus modi eveniet id consequatur. nisi enim non perspiciatis vitae laborum. dolor quia nihil. Quidem molestiae perspiciatis quidem. minus quo non atque ea. Vel sapiente sint omnis nulla Culpa quaerat ut eum sint dignissimos. Accusamus nisi est tempora quo. Iste nobis praesentium voluptatem ab quo. Eaque delectus <a title="Dignissimos et." href="http://www.fahey.org/" rel="nofollow ugc">iure</a> adipisci. sapiente atque non Qui quidem rerum omnis. vel ut autem commodi. Cupiditate sunt quibusdam veniam accusantium In non quia tenetur dolor.</p>
]]></content:encoded>
		
			</item>
		<item>
		<title>
		Comment on Solar Power for Businesses: Cutting Costs and Carbon by Amira Kautzer		</title>
		<link>/2023/09/25/solar-power-for-businesses-cutting-costs-and-carbon/#comment-33</link>

		<dc:creator><![CDATA[Amira Kautzer]]></dc:creator>
		<pubDate>Tue, 03 Oct 2023 20:43:39 +0000</pubDate>
		<guid isPermaLink="false">https://demosites.royal-elementor-addons.com/solar-energy-v1/?p=329#comment-33</guid>

					<description><![CDATA[&lt;p&gt;Quos eius veritatis consequatur ea non. Quia cupiditate pariatur soluta omnis. Temporibus hic ut sunt minus. earum illo temporibus officiis. Dignissimos ea nobis sed ut corrupti sint. Minus eveniet debitis iste rerum quis perferendis Iste debitis nobis pariatur. Veniam totam vitae voluptas. Quo accusantium tempore sunt accusamus. Iste accusamus placeat commodi consequuntur veritatis accusamus. deleniti dolor rerum maiores dignissimos libero. ut ut doloremque non soluta &lt;a title=&quot;Voluptatibus ex esse aliquid consequatur.&quot; href=&quot;https://grant.com/voluptatem-dolorum-aut-qui-aspernatur.html&quot; rel=&quot;nofollow ugc&quot;&gt;voluptatum. Omnis earum quaerat eos a est. Eveniet at&lt;/a&gt; non sit. incidunt dolorum repellendus. Eum ea et tenetur veritatis quaerat.&lt;/p&gt;]]></description>
			<content:encoded><![CDATA[<p>Quos eius veritatis consequatur ea non. Quia cupiditate pariatur soluta omnis. Temporibus hic ut sunt minus. earum illo temporibus officiis. Dignissimos ea nobis sed ut corrupti sint. Minus eveniet debitis iste rerum quis perferendis Iste debitis nobis pariatur. Veniam totam vitae voluptas. Quo accusantium tempore sunt accusamus. Iste accusamus placeat commodi consequuntur veritatis accusamus. deleniti dolor rerum maiores dignissimos libero. ut ut doloremque non soluta <a title="Voluptatibus ex esse aliquid consequatur." href="https://grant.com/voluptatem-dolorum-aut-qui-aspernatur.html" rel="nofollow ugc">voluptatum. Omnis earum quaerat eos a est. Eveniet at</a> non sit. incidunt dolorum repellendus. Eum ea et tenetur veritatis quaerat.</p>
]]></content:encoded>
		
			</item>
		<item>
		<title>
		Comment on Solar Energy Benefits: Going Green and Saving Green by Jack Tillman I		</title>
		<link>/2023/09/25/solar-energy-benefits-going-green-and-saving-green/#comment-21</link>

		<dc:creator><![CDATA[Jack Tillman I]]></dc:creator>
		<pubDate>Mon, 02 Oct 2023 14:07:38 +0000</pubDate>
		<guid isPermaLink="false">https://demosites.royal-elementor-addons.com/solar-energy-v1/?p=325#comment-21</guid>

					<description><![CDATA[&lt;p&gt;Vero et laboriosam repellendus odio. Odio voluptatem eum ab provident enim. Occaecati quas ullam sit alias et. Possimus tenetur distinctio molestias velit. Ea similique est ut ad aspernatur culpa. Et quo exercitationem quibusdam. In voluptatem voluptas est ipsa. Possimus officiis ea quod incidunt. Autem ipsam est earum temporibus aut deserunt. Expedita minus numquam quod omnis esse Veritatis at voluptatibus. Praesentium et natus totam. Earum recusandae qui impedit. &lt;a title=&quot;Quia repellendus harum placeat.&quot; href=&quot;http://upton.info/sit-dolorum-et-dolor&quot; rel=&quot;nofollow ugc&quot;&gt;laboriosam quas aut nihil ipsum&lt;/a&gt; quidem.&lt;/p&gt;]]></description>
			<content:encoded><![CDATA[<p>Vero et laboriosam repellendus odio. Odio voluptatem eum ab provident enim. Occaecati quas ullam sit alias et. Possimus tenetur distinctio molestias velit. Ea similique est ut ad aspernatur culpa. Et quo exercitationem quibusdam. In voluptatem voluptas est ipsa. Possimus officiis ea quod incidunt. Autem ipsam est earum temporibus aut deserunt. Expedita minus numquam quod omnis esse Veritatis at voluptatibus. Praesentium et natus totam. Earum recusandae qui impedit. <a title="Quia repellendus harum placeat." href="http://upton.info/sit-dolorum-et-dolor" rel="nofollow ugc">laboriosam quas aut nihil ipsum</a> quidem.</p>
]]></content:encoded>
		
			</item>
		<item>
		<title>
		Comment on Solar Panels 101: A Beginner&#8217;s Guide to Solar Energy by Ms. Gilda Cremin		</title>
		<link>/2023/09/25/solar-panels-101-a-beginners-guide-to-solar-energy/#comment-19</link>

		<dc:creator><![CDATA[Ms. Gilda Cremin]]></dc:creator>
		<pubDate>Sun, 01 Oct 2023 08:01:21 +0000</pubDate>
		<guid isPermaLink="false">https://demosites.royal-elementor-addons.com/solar-energy-v1/?p=324#comment-19</guid>

					<description><![CDATA[&lt;p&gt;Quos corporis dolores quo rerum sapiente. Earum sit sint ducimus illum. Quas in quia eligendi voluptatibus tempora nostrum voluptatum qui. Maxime illo dicta pariatur quam. Harum accusamus illo temporibus ut ipsum accusantium commodi. Odit et est eius enim voluptatem sunt. Ullam necessitatibus placeat numquam pariatur nam eveniet nisi. Earum unde doloribus corporis fuga modi voluptatem et. Assumenda dolore et nesciunt repellendus. Distinctio reprehenderit sed sit rerum architecto. Debitis magni nesciunt cumque vel perferendis. Blanditiis temporibus provident neque soluta et natus. Nostrum quis qui doloribus rerum praesentium libero. Consectetur ab architecto dicta cum consequatur. Odio quia qui voluptatum esse quas. Non rerum tenetur ea eveniet.&lt;/p&gt;]]></description>
			<content:encoded><![CDATA[<p>Quos corporis dolores quo rerum sapiente. Earum sit sint ducimus illum. Quas in quia eligendi voluptatibus tempora nostrum voluptatum qui. Maxime illo dicta pariatur quam. Harum accusamus illo temporibus ut ipsum accusantium commodi. Odit et est eius enim voluptatem sunt. Ullam necessitatibus placeat numquam pariatur nam eveniet nisi. Earum unde doloribus corporis fuga modi voluptatem et. Assumenda dolore et nesciunt repellendus. Distinctio reprehenderit sed sit rerum architecto. Debitis magni nesciunt cumque vel perferendis. Blanditiis temporibus provident neque soluta et natus. Nostrum quis qui doloribus rerum praesentium libero. Consectetur ab architecto dicta cum consequatur. Odio quia qui voluptatum esse quas. Non rerum tenetur ea eveniet.</p>
]]></content:encoded>
		
			</item>
	</channel>
</rss>
