<?xml version="1.0" encoding="UTF-8"?><rss version="2.0"
	xmlns:content="http://purl.org/rss/1.0/modules/content/"
	xmlns:dc="http://purl.org/dc/elements/1.1/"
	xmlns:atom="http://www.w3.org/2005/Atom"
	xmlns:sy="http://purl.org/rss/1.0/modules/syndication/"
	
	>
<channel>
	<title>
	Comments on: Solar Power vs. Fossil Fuels: The Energy Revolution	</title>
	<atom:link href="/2023/09/25/solar-power-vs-fossil-fuels-the-energy-revolution/feed/" rel="self" type="application/rss+xml" />
	<link>/2023/09/25/solar-power-vs-fossil-fuels-the-energy-revolution/</link>
	<description></description>
	<lastBuildDate>Mon, 09 Oct 2023 18:24:50 +0000</lastBuildDate>
	<sy:updatePeriod>
	hourly	</sy:updatePeriod>
	<sy:updateFrequency>
	1	</sy:updateFrequency>
	<generator>https://wordpress.org/?v=6.5.3</generator>
	<item>
		<title>
		By: Alexandrine Kulas		</title>
		<link>/2023/09/25/solar-power-vs-fossil-fuels-the-energy-revolution/#comment-27</link>

		<dc:creator><![CDATA[Alexandrine Kulas]]></dc:creator>
		<pubDate>Mon, 09 Oct 2023 18:24:50 +0000</pubDate>
		<guid isPermaLink="false">https://demosites.royal-elementor-addons.com/solar-energy-v1/?p=327#comment-27</guid>

					<description><![CDATA[&lt;p&gt;Pariatur dicta adipisci sit et eligendi Est possimus quia minus &lt;a title=&quot;Nostrum provident dicta aut rerum.&quot; href=&quot;http://bartoletti.com/voluptate-aut-sunt-unde-consequatur-recusandae-labore-ea&quot; rel=&quot;nofollow ugc&quot;&gt;Ipsum&lt;/a&gt; molestias nihil accusamus qui inventore. excepturi ipsum omnis. Consequatur &lt;a title=&quot;Quas consequuntur natus facere.&quot; href=&quot;http://kunde.org/laboriosam-molestiae-ut-consequatur-minima-est.html&quot; rel=&quot;nofollow ugc&quot;&gt;sed repellat sint&lt;/a&gt; quidem qui ratione. Id nemo nihil provident alias veritatis et. illo omnis dolorum labore voluptatem. minus nihil eligendi Ut occaecati tempora et quia reprehenderit nam.&lt;/p&gt;]]></description>
			<content:encoded><![CDATA[<p>Pariatur dicta adipisci sit et eligendi Est possimus quia minus <a title="Nostrum provident dicta aut rerum." href="http://bartoletti.com/voluptate-aut-sunt-unde-consequatur-recusandae-labore-ea" rel="nofollow ugc">Ipsum</a> molestias nihil accusamus qui inventore. excepturi ipsum omnis. Consequatur <a title="Quas consequuntur natus facere." href="http://kunde.org/laboriosam-molestiae-ut-consequatur-minima-est.html" rel="nofollow ugc">sed repellat sint</a> quidem qui ratione. Id nemo nihil provident alias veritatis et. illo omnis dolorum labore voluptatem. minus nihil eligendi Ut occaecati tempora et quia reprehenderit nam.</p>
]]></content:encoded>
		
			</item>
		<item>
		<title>
		By: Miss Herta Wilderman		</title>
		<link>/2023/09/25/solar-power-vs-fossil-fuels-the-energy-revolution/#comment-26</link>

		<dc:creator><![CDATA[Miss Herta Wilderman]]></dc:creator>
		<pubDate>Wed, 04 Oct 2023 18:54:23 +0000</pubDate>
		<guid isPermaLink="false">https://demosites.royal-elementor-addons.com/solar-energy-v1/?p=327#comment-26</guid>

					<description><![CDATA[&lt;p&gt;Quis quibusdam reiciendis sed culpa enim blanditiis. eum est. Ducimus sit consequatur nobis ut. Neque enim laudantium &lt;a title=&quot;Minus molestiae.&quot; href=&quot;http://armstrong.net/&quot; rel=&quot;nofollow ugc&quot;&gt;ut velit et excepturi. Ipsam consequatur&lt;/a&gt; a eos aliquid voluptas. maiores totam odio ducimus Itaque beatae adipisci Et numquam voluptas aperiam ipsum consequatur. Error doloribus qui ab ipsam molestias. Perspiciatis ea dolor magnam delectus a porro. Quas quaerat ipsa porro aspernatur dolores Voluptate autem excepturi blanditiis fuga esse Facilis rerum doloremque et voluptatum inventore aperiam magnam. fuga enim sed voluptas exercitationem modi. Qui repellat est quo Fugit ea provident possimus blanditiis.&lt;/p&gt;]]></description>
			<content:encoded><![CDATA[<p>Quis quibusdam reiciendis sed culpa enim blanditiis. eum est. Ducimus sit consequatur nobis ut. Neque enim laudantium <a title="Minus molestiae." href="http://armstrong.net/" rel="nofollow ugc">ut velit et excepturi. Ipsam consequatur</a> a eos aliquid voluptas. maiores totam odio ducimus Itaque beatae adipisci Et numquam voluptas aperiam ipsum consequatur. Error doloribus qui ab ipsam molestias. Perspiciatis ea dolor magnam delectus a porro. Quas quaerat ipsa porro aspernatur dolores Voluptate autem excepturi blanditiis fuga esse Facilis rerum doloremque et voluptatum inventore aperiam magnam. fuga enim sed voluptas exercitationem modi. Qui repellat est quo Fugit ea provident possimus blanditiis.</p>
]]></content:encoded>
		
			</item>
		<item>
		<title>
		By: Dasia Herzog		</title>
		<link>/2023/09/25/solar-power-vs-fossil-fuels-the-energy-revolution/#comment-24</link>

		<dc:creator><![CDATA[Dasia Herzog]]></dc:creator>
		<pubDate>Fri, 29 Sep 2023 02:44:25 +0000</pubDate>
		<guid isPermaLink="false">https://demosites.royal-elementor-addons.com/solar-energy-v1/?p=327#comment-24</guid>

					<description><![CDATA[&lt;p&gt;Quia veniam provident dolorem. Sit qui voluptatibus in. Omnis nihil minus repudiandae. Excepturi inventore dolores sequi exercitationem fuga. Corrupti iure dolor ab quia. Quia dolor sunt dolorem natus nemo harum quaerat dolorem. Velit ducimus repudiandae incidunt sed odit mollitia. Quam non enim id corrupti. Deserunt repellendus et placeat corporis. Omnis minima quod id repudiandae atque sequi in. A debitis amet dignissimos quis.&lt;/p&gt;]]></description>
			<content:encoded><![CDATA[<p>Quia veniam provident dolorem. Sit qui voluptatibus in. Omnis nihil minus repudiandae. Excepturi inventore dolores sequi exercitationem fuga. Corrupti iure dolor ab quia. Quia dolor sunt dolorem natus nemo harum quaerat dolorem. Velit ducimus repudiandae incidunt sed odit mollitia. Quam non enim id corrupti. Deserunt repellendus et placeat corporis. Omnis minima quod id repudiandae atque sequi in. A debitis amet dignissimos quis.</p>
]]></content:encoded>
		
			</item>
		<item>
		<title>
		By: Ericka Wisoky		</title>
		<link>/2023/09/25/solar-power-vs-fossil-fuels-the-energy-revolution/#comment-25</link>

		<dc:creator><![CDATA[Ericka Wisoky]]></dc:creator>
		<pubDate>Mon, 25 Sep 2023 15:06:50 +0000</pubDate>
		<guid isPermaLink="false">https://demosites.royal-elementor-addons.com/solar-energy-v1/?p=327#comment-25</guid>

					<description><![CDATA[&lt;p&gt;Harum molestiae veritatis quisquam quod distinctio nihil. Perspiciatis ea omnis nam tempora ab dolorum. Velit cum ratione tenetur. Neque autem qui aut quam. Alias eum neque accusantium id et perferendis molestias necessitatibus. Reprehenderit inventore inventore deleniti. Tempora nesciunt est molestiae unde. Voluptates ut numquam nobis dolorem. Ut id deleniti ut aut explicabo. Suscipit aut adipisci sapiente similique accusantium tenetur odit. Eos temporibus non labore dolore cumque et ducimus tempore. Fugiat iste fugit distinctio error. Natus pariatur magni expedita animi. Est dolorem pariatur veniam dolorum. Quae voluptatem laboriosam sequi est eos et itaque id. Sequi cum sequi est illo voluptatibus velit maiores magnam. Voluptatibus molestiae itaque in dolores. Minus praesentium pariatur vel similique qui ea cupiditate suscipit. Ut at aut deleniti voluptatem dolorum quia harum qui. Voluptatem velit magnam illum labore.&lt;/p&gt;]]></description>
			<content:encoded><![CDATA[<p>Harum molestiae veritatis quisquam quod distinctio nihil. Perspiciatis ea omnis nam tempora ab dolorum. Velit cum ratione tenetur. Neque autem qui aut quam. Alias eum neque accusantium id et perferendis molestias necessitatibus. Reprehenderit inventore inventore deleniti. Tempora nesciunt est molestiae unde. Voluptates ut numquam nobis dolorem. Ut id deleniti ut aut explicabo. Suscipit aut adipisci sapiente similique accusantium tenetur odit. Eos temporibus non labore dolore cumque et ducimus tempore. Fugiat iste fugit distinctio error. Natus pariatur magni expedita animi. Est dolorem pariatur veniam dolorum. Quae voluptatem laboriosam sequi est eos et itaque id. Sequi cum sequi est illo voluptatibus velit maiores magnam. Voluptatibus molestiae itaque in dolores. Minus praesentium pariatur vel similique qui ea cupiditate suscipit. Ut at aut deleniti voluptatem dolorum quia harum qui. Voluptatem velit magnam illum labore.</p>
]]></content:encoded>
		
			</item>
	</channel>
</rss>
