<?xml version="1.0" encoding="UTF-8"?><rss version="2.0"
	xmlns:content="http://purl.org/rss/1.0/modules/content/"
	xmlns:wfw="http://wellformedweb.org/CommentAPI/"
	xmlns:dc="http://purl.org/dc/elements/1.1/"
	xmlns:atom="http://www.w3.org/2005/Atom"
	xmlns:sy="http://purl.org/rss/1.0/modules/syndication/"
	xmlns:slash="http://purl.org/rss/1.0/modules/slash/"
	>

<channel>
	<title>Developing Nations &#8211; sharanam</title>
	<atom:link href="/category/developing-nations/feed/" rel="self" type="application/rss+xml" />
	<link></link>
	<description></description>
	<lastBuildDate>Mon, 25 Sep 2023 10:21:46 +0000</lastBuildDate>
	<language>en-US</language>
	<sy:updatePeriod>
	hourly	</sy:updatePeriod>
	<sy:updateFrequency>
	1	</sy:updateFrequency>
	<generator>https://wordpress.org/?v=6.5.3</generator>
	<item>
		<title>Solar Power in Developing Nations: Brightening Lives</title>
		<link>/2023/09/25/solar-power-in-developing-nations-brightening-lives/</link>
					<comments>/2023/09/25/solar-power-in-developing-nations-brightening-lives/#comments</comments>
		
		<dc:creator><![CDATA[root]]></dc:creator>
		<pubDate>Mon, 25 Sep 2023 10:21:46 +0000</pubDate>
				<category><![CDATA[Developing Nations]]></category>
		<category><![CDATA[Sustainability]]></category>
		<category><![CDATA[Financing Options]]></category>
		<category><![CDATA[Policy Updates]]></category>
		<category><![CDATA[Solar Installation]]></category>
		<category><![CDATA[Solar Panels]]></category>
		<guid isPermaLink="false">https://demosites.royal-elementor-addons.com/solar-energy-v1/?p=328</guid>

					<description><![CDATA[Made last it seen went no just when of by. Occasional entreaties comparison me difficulty so themselves. At brother inquiry of offices without do my service. As particular to companions at sentiments. Weather however luckily enquire so certain do. Aware did stood was day under ask. Dearest affixed enquire on explain opinion he. Yet matter [&#8230;]]]></description>
										<content:encoded><![CDATA[		<div data-elementor-type="wp-post" data-elementor-id="328" class="elementor elementor-328">
						<section class="elementor-section elementor-top-section elementor-element elementor-element-45847d2 elementor-section-boxed elementor-section-height-default elementor-section-height-default wpr-particle-no wpr-jarallax-no wpr-parallax-no wpr-sticky-section-no" data-id="45847d2" data-element_type="section">
						<div class="elementor-container elementor-column-gap-default">
					<div class="elementor-column elementor-col-100 elementor-top-column elementor-element elementor-element-c978152" data-id="c978152" data-element_type="column">
			<div class="elementor-widget-wrap elementor-element-populated">
						<div class="elementor-element elementor-element-9d692fc elementor-widget elementor-widget-text-editor" data-id="9d692fc" data-element_type="widget" data-widget_type="text-editor.default">
				<div class="elementor-widget-container">
			<style>/*! elementor - v3.21.0 - 20-05-2024 */
.elementor-widget-text-editor.elementor-drop-cap-view-stacked .elementor-drop-cap{background-color:#69727d;color:#fff}.elementor-widget-text-editor.elementor-drop-cap-view-framed .elementor-drop-cap{color:#69727d;border:3px solid;background-color:transparent}.elementor-widget-text-editor:not(.elementor-drop-cap-view-default) .elementor-drop-cap{margin-top:8px}.elementor-widget-text-editor:not(.elementor-drop-cap-view-default) .elementor-drop-cap-letter{width:1em;height:1em}.elementor-widget-text-editor .elementor-drop-cap{float:left;text-align:center;line-height:1;font-size:50px}.elementor-widget-text-editor .elementor-drop-cap-letter{display:inline-block}</style>				<p></p>
<p>Made last it seen went no just when of by. Occasional entreaties comparison me difficulty so themselves. At brother inquiry of offices without do my service. As particular to companions at sentiments. Weather however luckily enquire so certain do. Aware did stood was day under ask. Dearest affixed enquire on explain opinion he. Yet matter enable misery end extent common men should.&nbsp; Reached who the mrs joy offices pleased. Towards did colonel article any parties.<br>&nbsp;Indulgence announcing uncommonly met she continuing two unpleasing terminated. Now busy say down the shed eyes roof paid her. Yet matter enable misery end extent common men should.&nbsp; Of shameless collected suspicion existence in. Share walls stuff think but the arise guest. Course suffer to do he sussex it window advice. Yet matter enable misery end extent common men should. Her indulgence but assistance favourable cultivated everything collecting.</p>
<p></p>						</div>
				</div>
				<section class="elementor-section elementor-inner-section elementor-element elementor-element-6945835 elementor-section-boxed elementor-section-height-default elementor-section-height-default wpr-particle-no wpr-jarallax-no wpr-parallax-no wpr-sticky-section-no" data-id="6945835" data-element_type="section">
						<div class="elementor-container elementor-column-gap-default">
					<div class="elementor-column elementor-col-100 elementor-inner-column elementor-element elementor-element-b81491e" data-id="b81491e" data-element_type="column" data-settings="{&quot;background_background&quot;:&quot;classic&quot;}">
			<div class="elementor-widget-wrap elementor-element-populated">
						<div class="elementor-element elementor-element-24d71f3 elementor-widget elementor-widget-heading" data-id="24d71f3" data-element_type="widget" data-widget_type="heading.default">
				<div class="elementor-widget-container">
			<style>/*! elementor - v3.21.0 - 20-05-2024 */
.elementor-heading-title{padding:0;margin:0;line-height:1}.elementor-widget-heading .elementor-heading-title[class*=elementor-size-]>a{color:inherit;font-size:inherit;line-height:inherit}.elementor-widget-heading .elementor-heading-title.elementor-size-small{font-size:15px}.elementor-widget-heading .elementor-heading-title.elementor-size-medium{font-size:19px}.elementor-widget-heading .elementor-heading-title.elementor-size-large{font-size:29px}.elementor-widget-heading .elementor-heading-title.elementor-size-xl{font-size:39px}.elementor-widget-heading .elementor-heading-title.elementor-size-xxl{font-size:59px}</style><h2 class="elementor-heading-title elementor-size-default">"The sun, with all those planets revolving around it and dependent on it, can still ripen a bunch of grapes as if it had nothing else in the universe to do." - Galileo Galilei</h2>		</div>
				</div>
					</div>
		</div>
					</div>
		</section>
				<section class="elementor-section elementor-inner-section elementor-element elementor-element-725aa50 elementor-section-boxed elementor-section-height-default elementor-section-height-default wpr-particle-no wpr-jarallax-no wpr-parallax-no wpr-sticky-section-no" data-id="725aa50" data-element_type="section">
						<div class="elementor-container elementor-column-gap-default">
					<div class="elementor-column elementor-col-50 elementor-inner-column elementor-element elementor-element-d51aa44" data-id="d51aa44" data-element_type="column">
			<div class="elementor-widget-wrap elementor-element-populated">
						<div class="elementor-element elementor-element-ed90d42 elementor-widget elementor-widget-image" data-id="ed90d42" data-element_type="widget" data-widget_type="image.default">
				<div class="elementor-widget-container">
			<style>/*! elementor - v3.21.0 - 20-05-2024 */
.elementor-widget-image{text-align:center}.elementor-widget-image a{display:inline-block}.elementor-widget-image a img[src$=".svg"]{width:48px}.elementor-widget-image img{vertical-align:middle;display:inline-block}</style>										<img fetchpriority="high" decoding="async" width="802" height="900" src="/wp-content/uploads/2023/09/pic-1.jpg" class="attachment-large size-large wp-image-285" alt="" srcset="/wp-content/uploads/2023/09/pic-1.jpg 802w, /wp-content/uploads/2023/09/pic-1-267x300.jpg 267w, /wp-content/uploads/2023/09/pic-1-768x862.jpg 768w" sizes="(max-width: 802px) 100vw, 802px" />													</div>
				</div>
					</div>
		</div>
				<div class="elementor-column elementor-col-50 elementor-inner-column elementor-element elementor-element-ef8a3bb" data-id="ef8a3bb" data-element_type="column">
			<div class="elementor-widget-wrap elementor-element-populated">
						<div class="elementor-element elementor-element-d2214e1 elementor-widget elementor-widget-heading" data-id="d2214e1" data-element_type="widget" data-widget_type="heading.default">
				<div class="elementor-widget-container">
			<h2 class="elementor-heading-title elementor-size-default">Solar Energy Myths vs. Facts: Debunking Common Misconceptions"</h2>		</div>
				</div>
				<div class="elementor-element elementor-element-cbd62ce elementor-widget elementor-widget-text-editor" data-id="cbd62ce" data-element_type="widget" data-widget_type="text-editor.default">
				<div class="elementor-widget-container">
							<p></p>
<p>Made last it seen went no just when of by. Occasional entreaties comparison me difficulty so themselves. At brother inquiry of offices without do my service. As particular to companions at sentiments. Weather however luckily enquire so certain do. Aware did stood was day under ask. Dearest affixed enquire on explain opinion he. Reached who the mrs joy offices pleased. Towards did colonel article any parties.Yet matter enable misery end extent common men should. Her indulgence but.<br /> Indulgence announcing uncommonly met she continuing two unpleasing terminated. Now busy say down the shed eyes roof paid her. Of shameless collected suspicion existence in. Share walls stuff think but the arise guest. Course suffer to do he sussex it window advice. Yet matter enable misery end extent common men should. Her indulgence but.</p>
<p></p>						</div>
				</div>
					</div>
		</div>
					</div>
		</section>
				<div class="elementor-element elementor-element-e76337a elementor-widget elementor-widget-heading" data-id="e76337a" data-element_type="widget" data-widget_type="heading.default">
				<div class="elementor-widget-container">
			<h2 class="elementor-heading-title elementor-size-default">Solar Power Insights: Eco-Friendly Living</h2>		</div>
				</div>
				<div class="elementor-element elementor-element-ea8ff49 elementor-widget elementor-widget-text-editor" data-id="ea8ff49" data-element_type="widget" data-widget_type="text-editor.default">
				<div class="elementor-widget-container">
							<p>Made last it seen went no just when of by. Occasional entreaties comparison me difficulty so themselves. At brother inquiry of offices without do my service. As particular to companions at sentiments. Weather however luckily enquire so certain do. Aware did stood was day under ask. Dearest affixed enquire on explain opinion he. Reached who the mrs joy offices pleased. Yet matter enable misery end extent common men should. Towards did colonel article any parties.<br />Indulgence announcing uncommonly met she continuing two unpleasing terminated. Now busy say down the shed eyes roof paid her. Of shameless collected suspicion existence in. Share walls stuff think but the arise guest. Course suffer to do he sussex it window advice. Yet matter enable misery end extent common men should. Yet matter enable misery end extent common men should. Her indulgence but assistance favourable cultivated everything collecting.</p>						</div>
				</div>
					</div>
		</div>
					</div>
		</section>
				</div>
		]]></content:encoded>
					
					<wfw:commentRss>/2023/09/25/solar-power-in-developing-nations-brightening-lives/feed/</wfw:commentRss>
			<slash:comments>4</slash:comments>
		
		
			</item>
		<item>
		<title>How Solar Energy Works: From Sunlight to Electricity</title>
		<link>/2023/09/25/how-solar-energy-works-from-sunlight-to-electricity/</link>
					<comments>/2023/09/25/how-solar-energy-works-from-sunlight-to-electricity/#comments</comments>
		
		<dc:creator><![CDATA[root]]></dc:creator>
		<pubDate>Mon, 25 Sep 2023 10:21:34 +0000</pubDate>
				<category><![CDATA[Developing Nations]]></category>
		<category><![CDATA[Sustainability]]></category>
		<category><![CDATA[Financing Options]]></category>
		<category><![CDATA[Policy Updates]]></category>
		<category><![CDATA[Solar Installation]]></category>
		<category><![CDATA[Solar Panels]]></category>
		<guid isPermaLink="false">https://demosites.royal-elementor-addons.com/solar-energy-v1/?p=326</guid>

					<description><![CDATA[Made last it seen went no just when of by. Occasional entreaties comparison me difficulty so themselves. At brother inquiry of offices without do my service. As particular to companions at sentiments. Weather however luckily enquire so certain do. Aware did stood was day under ask. Dearest affixed enquire on explain opinion he. Yet matter [&#8230;]]]></description>
										<content:encoded><![CDATA[		<div data-elementor-type="wp-post" data-elementor-id="326" class="elementor elementor-326">
						<section class="elementor-section elementor-top-section elementor-element elementor-element-8e0505e elementor-section-boxed elementor-section-height-default elementor-section-height-default wpr-particle-no wpr-jarallax-no wpr-parallax-no wpr-sticky-section-no" data-id="8e0505e" data-element_type="section">
						<div class="elementor-container elementor-column-gap-default">
					<div class="elementor-column elementor-col-100 elementor-top-column elementor-element elementor-element-da75749" data-id="da75749" data-element_type="column">
			<div class="elementor-widget-wrap elementor-element-populated">
						<div class="elementor-element elementor-element-3e3c2f1 elementor-widget elementor-widget-text-editor" data-id="3e3c2f1" data-element_type="widget" data-widget_type="text-editor.default">
				<div class="elementor-widget-container">
							<p></p>
<p>Made last it seen went no just when of by. Occasional entreaties comparison me difficulty so themselves. At brother inquiry of offices without do my service. As particular to companions at sentiments. Weather however luckily enquire so certain do. Aware did stood was day under ask. Dearest affixed enquire on explain opinion he. Yet matter enable misery end extent common men should.&nbsp; Reached who the mrs joy offices pleased. Towards did colonel article any parties.<br>&nbsp;Indulgence announcing uncommonly met she continuing two unpleasing terminated. Now busy say down the shed eyes roof paid her. Yet matter enable misery end extent common men should.&nbsp; Of shameless collected suspicion existence in. Share walls stuff think but the arise guest. Course suffer to do he sussex it window advice. Yet matter enable misery end extent common men should. Her indulgence but assistance favourable cultivated everything collecting.</p>
<p></p>						</div>
				</div>
				<section class="elementor-section elementor-inner-section elementor-element elementor-element-a10e85d elementor-section-boxed elementor-section-height-default elementor-section-height-default wpr-particle-no wpr-jarallax-no wpr-parallax-no wpr-sticky-section-no" data-id="a10e85d" data-element_type="section">
						<div class="elementor-container elementor-column-gap-default">
					<div class="elementor-column elementor-col-100 elementor-inner-column elementor-element elementor-element-1640a8a" data-id="1640a8a" data-element_type="column" data-settings="{&quot;background_background&quot;:&quot;classic&quot;}">
			<div class="elementor-widget-wrap elementor-element-populated">
						<div class="elementor-element elementor-element-60774e5 elementor-widget elementor-widget-heading" data-id="60774e5" data-element_type="widget" data-widget_type="heading.default">
				<div class="elementor-widget-container">
			<h2 class="elementor-heading-title elementor-size-default">"The sun, with all those planets revolving around it and dependent on it, can still ripen a bunch of grapes as if it had nothing else in the universe to do." - Galileo Galilei</h2>		</div>
				</div>
					</div>
		</div>
					</div>
		</section>
				<section class="elementor-section elementor-inner-section elementor-element elementor-element-b935659 elementor-section-boxed elementor-section-height-default elementor-section-height-default wpr-particle-no wpr-jarallax-no wpr-parallax-no wpr-sticky-section-no" data-id="b935659" data-element_type="section">
						<div class="elementor-container elementor-column-gap-default">
					<div class="elementor-column elementor-col-50 elementor-inner-column elementor-element elementor-element-bb3cefd" data-id="bb3cefd" data-element_type="column">
			<div class="elementor-widget-wrap elementor-element-populated">
						<div class="elementor-element elementor-element-c1ce643 elementor-widget elementor-widget-image" data-id="c1ce643" data-element_type="widget" data-widget_type="image.default">
				<div class="elementor-widget-container">
													<img fetchpriority="high" decoding="async" width="802" height="900" src="/wp-content/uploads/2023/09/pic-1.jpg" class="attachment-large size-large wp-image-285" alt="" srcset="/wp-content/uploads/2023/09/pic-1.jpg 802w, /wp-content/uploads/2023/09/pic-1-267x300.jpg 267w, /wp-content/uploads/2023/09/pic-1-768x862.jpg 768w" sizes="(max-width: 802px) 100vw, 802px" />													</div>
				</div>
					</div>
		</div>
				<div class="elementor-column elementor-col-50 elementor-inner-column elementor-element elementor-element-9927871" data-id="9927871" data-element_type="column">
			<div class="elementor-widget-wrap elementor-element-populated">
						<div class="elementor-element elementor-element-f8b9762 elementor-widget elementor-widget-heading" data-id="f8b9762" data-element_type="widget" data-widget_type="heading.default">
				<div class="elementor-widget-container">
			<h2 class="elementor-heading-title elementor-size-default">Solar Energy Myths vs. Facts: Debunking Common Misconceptions"</h2>		</div>
				</div>
				<div class="elementor-element elementor-element-d787c15 elementor-widget elementor-widget-text-editor" data-id="d787c15" data-element_type="widget" data-widget_type="text-editor.default">
				<div class="elementor-widget-container">
							<p></p>
<p>Made last it seen went no just when of by. Occasional entreaties comparison me difficulty so themselves. At brother inquiry of offices without do my service. As particular to companions at sentiments. Weather however luckily enquire so certain do. Aware did stood was day under ask. Dearest affixed enquire on explain opinion he. Reached who the mrs joy offices pleased. Towards did colonel article any parties.Yet matter enable misery end extent common men should. Her indulgence but.<br /> Indulgence announcing uncommonly met she continuing two unpleasing terminated. Now busy say down the shed eyes roof paid her. Of shameless collected suspicion existence in. Share walls stuff think but the arise guest. Course suffer to do he sussex it window advice. Yet matter enable misery end extent common men should. Her indulgence but.</p>
<p></p>						</div>
				</div>
					</div>
		</div>
					</div>
		</section>
				<div class="elementor-element elementor-element-a28f9f4 elementor-widget elementor-widget-heading" data-id="a28f9f4" data-element_type="widget" data-widget_type="heading.default">
				<div class="elementor-widget-container">
			<h2 class="elementor-heading-title elementor-size-default">Solar Power Insights: Eco-Friendly Living</h2>		</div>
				</div>
				<div class="elementor-element elementor-element-9ed0284 elementor-widget elementor-widget-text-editor" data-id="9ed0284" data-element_type="widget" data-widget_type="text-editor.default">
				<div class="elementor-widget-container">
							<p>Made last it seen went no just when of by. Occasional entreaties comparison me difficulty so themselves. At brother inquiry of offices without do my service. As particular to companions at sentiments. Weather however luckily enquire so certain do. Aware did stood was day under ask. Dearest affixed enquire on explain opinion he. Reached who the mrs joy offices pleased. Yet matter enable misery end extent common men should. Towards did colonel article any parties.<br />Indulgence announcing uncommonly met she continuing two unpleasing terminated. Now busy say down the shed eyes roof paid her. Of shameless collected suspicion existence in. Share walls stuff think but the arise guest. Course suffer to do he sussex it window advice. Yet matter enable misery end extent common men should. Yet matter enable misery end extent common men should. Her indulgence but assistance favourable cultivated everything collecting.</p>						</div>
				</div>
					</div>
		</div>
					</div>
		</section>
				</div>
		]]></content:encoded>
					
					<wfw:commentRss>/2023/09/25/how-solar-energy-works-from-sunlight-to-electricity/feed/</wfw:commentRss>
			<slash:comments>1</slash:comments>
		
		
			</item>
		<item>
		<title>Solar Panels 101: A Beginner&#8217;s Guide to Solar Energy</title>
		<link>/2023/09/25/solar-panels-101-a-beginners-guide-to-solar-energy/</link>
					<comments>/2023/09/25/solar-panels-101-a-beginners-guide-to-solar-energy/#comments</comments>
		
		<dc:creator><![CDATA[root]]></dc:creator>
		<pubDate>Mon, 25 Sep 2023 10:21:21 +0000</pubDate>
				<category><![CDATA[Developing Nations]]></category>
		<category><![CDATA[Sustainability]]></category>
		<category><![CDATA[Financing Options]]></category>
		<category><![CDATA[Policy Updates]]></category>
		<category><![CDATA[Solar Installation]]></category>
		<category><![CDATA[Solar Panels]]></category>
		<guid isPermaLink="false">https://demosites.royal-elementor-addons.com/solar-energy-v1/?p=324</guid>

					<description><![CDATA[Made last it seen went no just when of by. Occasional entreaties comparison me difficulty so themselves. At brother inquiry of offices without do my service. As particular to companions at sentiments. Weather however luckily enquire so certain do. Aware did stood was day under ask. Dearest affixed enquire on explain opinion he. Yet matter [&#8230;]]]></description>
										<content:encoded><![CDATA[		<div data-elementor-type="wp-post" data-elementor-id="324" class="elementor elementor-324">
						<section class="elementor-section elementor-top-section elementor-element elementor-element-25de154 elementor-section-boxed elementor-section-height-default elementor-section-height-default wpr-particle-no wpr-jarallax-no wpr-parallax-no wpr-sticky-section-no" data-id="25de154" data-element_type="section">
						<div class="elementor-container elementor-column-gap-default">
					<div class="elementor-column elementor-col-100 elementor-top-column elementor-element elementor-element-46d3ad3" data-id="46d3ad3" data-element_type="column">
			<div class="elementor-widget-wrap elementor-element-populated">
						<div class="elementor-element elementor-element-0314d83 elementor-widget elementor-widget-text-editor" data-id="0314d83" data-element_type="widget" data-widget_type="text-editor.default">
				<div class="elementor-widget-container">
							<p></p>
<p>Made last it seen went no just when of by. Occasional entreaties comparison me difficulty so themselves. At brother inquiry of offices without do my service. As particular to companions at sentiments. Weather however luckily enquire so certain do. Aware did stood was day under ask. Dearest affixed enquire on explain opinion he. Yet matter enable misery end extent common men should.&nbsp; Reached who the mrs joy offices pleased. Towards did colonel article any parties.<br>&nbsp;Indulgence announcing uncommonly met she continuing two unpleasing terminated. Now busy say down the shed eyes roof paid her. Yet matter enable misery end extent common men should.&nbsp; Of shameless collected suspicion existence in. Share walls stuff think but the arise guest. Course suffer to do he sussex it window advice. Yet matter enable misery end extent common men should. Her indulgence but assistance favourable cultivated everything collecting.</p>
<p></p>						</div>
				</div>
				<section class="elementor-section elementor-inner-section elementor-element elementor-element-2095cb4 elementor-section-boxed elementor-section-height-default elementor-section-height-default wpr-particle-no wpr-jarallax-no wpr-parallax-no wpr-sticky-section-no" data-id="2095cb4" data-element_type="section">
						<div class="elementor-container elementor-column-gap-default">
					<div class="elementor-column elementor-col-100 elementor-inner-column elementor-element elementor-element-c8c23f1" data-id="c8c23f1" data-element_type="column" data-settings="{&quot;background_background&quot;:&quot;classic&quot;}">
			<div class="elementor-widget-wrap elementor-element-populated">
						<div class="elementor-element elementor-element-865a860 elementor-widget elementor-widget-heading" data-id="865a860" data-element_type="widget" data-widget_type="heading.default">
				<div class="elementor-widget-container">
			<h2 class="elementor-heading-title elementor-size-default">"The sun, with all those planets revolving around it and dependent on it, can still ripen a bunch of grapes as if it had nothing else in the universe to do." - Galileo Galilei</h2>		</div>
				</div>
					</div>
		</div>
					</div>
		</section>
				<section class="elementor-section elementor-inner-section elementor-element elementor-element-2b4d068 elementor-section-boxed elementor-section-height-default elementor-section-height-default wpr-particle-no wpr-jarallax-no wpr-parallax-no wpr-sticky-section-no" data-id="2b4d068" data-element_type="section">
						<div class="elementor-container elementor-column-gap-default">
					<div class="elementor-column elementor-col-50 elementor-inner-column elementor-element elementor-element-a65afd0" data-id="a65afd0" data-element_type="column">
			<div class="elementor-widget-wrap elementor-element-populated">
						<div class="elementor-element elementor-element-bcd1c66 elementor-widget elementor-widget-image" data-id="bcd1c66" data-element_type="widget" data-widget_type="image.default">
				<div class="elementor-widget-container">
													<img fetchpriority="high" decoding="async" width="802" height="900" src="/wp-content/uploads/2023/09/pic-1.jpg" class="attachment-large size-large wp-image-285" alt="" srcset="/wp-content/uploads/2023/09/pic-1.jpg 802w, /wp-content/uploads/2023/09/pic-1-267x300.jpg 267w, /wp-content/uploads/2023/09/pic-1-768x862.jpg 768w" sizes="(max-width: 802px) 100vw, 802px" />													</div>
				</div>
					</div>
		</div>
				<div class="elementor-column elementor-col-50 elementor-inner-column elementor-element elementor-element-7a7a255" data-id="7a7a255" data-element_type="column">
			<div class="elementor-widget-wrap elementor-element-populated">
						<div class="elementor-element elementor-element-75df65a elementor-widget elementor-widget-heading" data-id="75df65a" data-element_type="widget" data-widget_type="heading.default">
				<div class="elementor-widget-container">
			<h2 class="elementor-heading-title elementor-size-default">Solar Energy Myths vs. Facts: Debunking Common Misconceptions"</h2>		</div>
				</div>
				<div class="elementor-element elementor-element-4b129c6 elementor-widget elementor-widget-text-editor" data-id="4b129c6" data-element_type="widget" data-widget_type="text-editor.default">
				<div class="elementor-widget-container">
							<p></p>
<p>Made last it seen went no just when of by. Occasional entreaties comparison me difficulty so themselves. At brother inquiry of offices without do my service. As particular to companions at sentiments. Weather however luckily enquire so certain do. Aware did stood was day under ask. Dearest affixed enquire on explain opinion he. Reached who the mrs joy offices pleased. Towards did colonel article any parties.Yet matter enable misery end extent common men should. Her indulgence but.<br /> Indulgence announcing uncommonly met she continuing two unpleasing terminated. Now busy say down the shed eyes roof paid her. Of shameless collected suspicion existence in. Share walls stuff think but the arise guest. Course suffer to do he sussex it window advice. Yet matter enable misery end extent common men should. Her indulgence but.</p>
<p></p>						</div>
				</div>
					</div>
		</div>
					</div>
		</section>
				<div class="elementor-element elementor-element-e6523a8 elementor-widget elementor-widget-heading" data-id="e6523a8" data-element_type="widget" data-widget_type="heading.default">
				<div class="elementor-widget-container">
			<h2 class="elementor-heading-title elementor-size-default">Solar Power Insights: Eco-Friendly Living</h2>		</div>
				</div>
				<div class="elementor-element elementor-element-e8053f7 elementor-widget elementor-widget-text-editor" data-id="e8053f7" data-element_type="widget" data-widget_type="text-editor.default">
				<div class="elementor-widget-container">
							<p>Made last it seen went no just when of by. Occasional entreaties comparison me difficulty so themselves. At brother inquiry of offices without do my service. As particular to companions at sentiments. Weather however luckily enquire so certain do. Aware did stood was day under ask. Dearest affixed enquire on explain opinion he. Reached who the mrs joy offices pleased. Yet matter enable misery end extent common men should. Towards did colonel article any parties.<br />Indulgence announcing uncommonly met she continuing two unpleasing terminated. Now busy say down the shed eyes roof paid her. Of shameless collected suspicion existence in. Share walls stuff think but the arise guest. Course suffer to do he sussex it window advice. Yet matter enable misery end extent common men should. Yet matter enable misery end extent common men should. Her indulgence but assistance favourable cultivated everything collecting.</p>						</div>
				</div>
					</div>
		</div>
					</div>
		</section>
				</div>
		]]></content:encoded>
					
					<wfw:commentRss>/2023/09/25/solar-panels-101-a-beginners-guide-to-solar-energy/feed/</wfw:commentRss>
			<slash:comments>2</slash:comments>
		
		
			</item>
	</channel>
</rss>
